Timestamp,Device,Region,Language,Index,Tag,Expected (English),Expected (Local),Actual Detected,Verdict,Error Message,ROI Image,Remark by Adib,Verify by Adib
2026-04-05 10:34:03,ION1,ENGLISH,English,1,FSI_NOT_ALLOWED,NOT ALLOWED,NOT ALLOWED,NOT ALLOWED (Conf: 100.0%),PASS,,,,TRUE
2026-04-05 10:34:09,ION30,APAC,Traditional Chinese,2,FSI_PASSWORD,PASSWORD,密碼,密碼 (Conf: 100.0%),PASS,,,,TRUE
2026-04-05 10:34:42,ION1,ENGLISH,English,3,FSI_12_5_KHZ,12.5 KHZ,12.5 KHZ,12.5 KHZ (Conf: 100.0%),PASS,,,,TRUE
2026-04-05 10:34:48,ION30,ENGLISH,English,4,FSI_20_KHZ,20 KHZ,20 KHZ,20 KHZ (Conf: 100.0%),PASS,,,,TRUE
2026-04-05 10:35:21,ION1,ENGLISH,English,5,FSI_25_KHZ,25 KHZ,25 KHZ,25 KHZ (Conf: 100.0%),PASS,,,,TRUE
2026-04-05 10:35:29,ION30,ENGLISH,English,6,FSI_30_KHZ,30 KHZ,30 KHZ,30 KHZ (Conf: 100.0%),PASS,,,,TRUE
2026-04-05 10:36:38,ION1,ENGLISH,English,7,FSI_ALL_ENTRIES_DELETED,ALL ENTRIES DELETED,ALL ENTRIES DELETED,ALL ENTRIES... (Conf: 66.7%),FAIL,Mismatch (Conf: 66.7%): Text misspelled or completely changed.,,"truncated, Fail",TRUE
2026-04-05 10:37:22,ION30,APAC,Traditional Chinese,8,FSI_ALL_LED_DISABLE,ALL LEDS OFF,所有LED滅,所有LED減 (Conf: 83.3%),WARN,Mismatch (Conf: 83.3%): Text misspelled or completely changed.,,Fail to detect,TRUE
2026-04-05 10:37:56,ION1,ENGLISH,English,9,FSI_ALL_LED_ENABLE,ALL LEDS ON,ALL LEDS ON,ALL LEDS ON (Conf: 100.0%),PASS,,,,TRUE
2026-04-05 10:38:39,ION30,APAC,Traditional Chinese,10,FSI_ALL_MEMBER_ADDED,ALL MEMBERS HAD ADDED,所有成員 已加入,沒有成對 已加入 (Conf: 75.0%),WARN,Mismatch (Conf: 75.0%): Text misspelled or completely changed.,,Fail to detect,TRUE
2026-04-05 10:39:48,ION1,ENGLISH,English,14,FSI_ATT_MODE,ENTERING ATT MODE,ENTERING ATT MODE,ENTERING AT... (Conf: 71.0%),WARN,Mismatch (Conf: 71.0%): Text misspelled or completely changed.,,"truncated, Fail",TRUE
2026-04-05 10:40:35,ION30,APAC,Traditional Chinese,15,FSI_ATT_MODE_EXIT,EXIT ATT MOD,離開ATT模式,輪開 ATT模式 (Conf: 80.0%),WARN,Mismatch (Conf: 80.0%): Text misspelled or completely changed.,,Fail to detect,TRUE
2026-04-05 10:41:44,ION1,ENGLISH,English,16,FSI_BACKLIGHT_AUTO_ON,BACKLIGHT AUTO ON,BACKLIGHT AUTO ON,BACKLIGHT A... (Conf: 71.0%),WARN,Mismatch (Conf: 71.0%): Text misspelled or completely changed.,,"truncated, Fail",TRUE
2026-04-05 10:41:52,ION30,APAC,Traditional Chinese,17,FSI_BACKLIGHT_NOT_ALLOWED,BACKLIGHT NOT ALLOWED,背光無效,背光無效 (Conf: 100.0%),PASS,,,,TRUE
2026-04-05 10:43:00,ION1,ENGLISH,English,19,FSI_BACKLIGHT_TURN_OFF,BACKLIGHT TURN OFF,BACKLIGHT TURN OFF,NO_TEXT (Conf: 16.0%),FAIL,Mismatch (Conf: 16.0%): Text misspelled or completely changed.,,Fail to detect,TRUE
2026-04-05 10:43:08,ION30,APAC,Traditional Chinese,20,FSI_BRIGHTNESS_NOT_ALLOWED,BRIGHTNESS NOT ALLOWED,亮度無效,亮度無效 (Conf: 100.0%),PASS,,,,TRUE
2026-04-05 10:43:42,ION1,ENGLISH,English,23,FSI_CALLING_XXX,CALLING,CALLING,CALLING (Conf: 100.0%),PASS,,,,TRUE
2026-04-05 10:43:49,ION30,APAC,Traditional Chinese,24,FSI_CALL_ALERT_FAILED,ALERT FAILED,呼叫提示失敗,呼叫提示失敗 (Conf: 100.0%),PASS,,,,TRUE
2026-04-05 10:44:22,ION1,ENGLISH,English,25,FSI_CALL_ALERT_SUCCESSFUL,ALERT SENT,ALERT SENT,ALERT SENT (Conf: 100.0%),PASS,,,,TRUE
2026-04-05 10:44:28,ION30,APAC,Traditional Chinese,26,FSI_CALL_ALERT_X_STR,CALL ALERT,呼叫告警,呼叫告警 (Conf: 100.0%),PASS,,,,TRUE
2026-04-05 10:45:01,ION1,ENGLISH,English,27,FSI_CALL_ENDED,CALL ENDED,CALL ENDED,CALL ENDED (Conf: 100.0%),PASS,,,,TRUE
2026-04-05 10:45:09,ION30,APAC,Traditional Chinese,28,FSI_CALL_ENDED_DUAL_LINE,CALL ENDED,呼叫結束,呼叫結束 (Conf: 100.0%),PASS,,,,TRUE
2026-04-05 10:45:42,ION1,ENGLISH,English,29,FSI_CALL_FAILED,CALL FAILED,CALL FAILED,CALL FAILED (Conf: 100.0%),PASS,,,,TRUE
2026-04-05 10:45:48,ION30,APAC,Traditional Chinese,30,FSI_CHANNEL_BUSY,CHANNEL BUSY,頻道繁忙,頻道繁忙 (Conf: 100.0%),PASS,,,,TRUE
2026-04-05 10:46:28,ION1,ENGLISH,English,32,FSI_COMPANDING_CONFIRM_OFF,CMPDNG OFF,CMPDNG OFF,CMPDNG OFF (Conf: 100.0%),PASS,,,,TRUE
2026-04-05 10:46:57,ION30,APAC,Traditional Chinese,33,FSI_COMPANDING_CONFIRM_ON,CMPDNG ON,擴展開啟,擴展開啟 (Conf: 100.0%),PASS,,,,TRUE
2026-04-05 10:47:30,ION1,ENGLISH,English,34,FSI_COMPANDING_TITLE,COMPANDING,COMPANDING,COMPANDING (Conf: 100.0%),PASS,,,,TRUE
2026-04-05 10:48:15,ION30,APAC,Traditional Chinese,35,FSI_CONTACT_DELETED,CONTACT DELETED,聯絡人刪除,離 進入刪除 (Conf: 36.4%),FAIL,Mismatch (Conf: 36.4%): Text misspelled or completely changed.,,Fail to detect,TRUE
2026-04-05 10:48:49,ION1,ENGLISH,English,36,FSI_CONTACT_SAVED,CNTCT SAVE,CNTCT SAVE,CNTCT SAVE (Conf: 100.0%),PASS,,,,TRUE
2026-04-05 10:48:57,ION30,APAC,Traditional Chinese,37,FSI_CURRENT,CURRENT,目前使用,目前使用 (Conf: 100.0%),PASS,,,,TRUE
2026-04-05 10:49:31,ION1,ENGLISH,English,38,FSI_DELETE_SUCCESS,ENTRY DELETED,ENTRY DELETED,ENTRY DELETED (Conf: 100.0%),PASS,,,,TRUE
2026-04-05 10:49:39,ION30,APAC,Traditional Chinese,41,FSI_EDIT_NAME,NAME,名稱,名稱 (Conf: 100.0%),PASS,,,,TRUE
2026-04-05 10:50:12,ION1,ENGLISH,English,42,FSI_BT_EDIT_NAME,EDIT NAME,EDIT NAME,EDIT NAME (Conf: 100.0%),PASS,,,,TRUE
2026-04-05 10:50:56,ION30,ENGLISH,English,43,FSI_EDIT_NUMBER,NUMBER,NUMBER,1 DEFE SHOP (Conf: 11.8%),FAIL,Mismatch (Conf: 11.8%): Text misspelled or completely changed.,,Check back original,TRUE
2026-04-05 10:51:37,ION1,ENGLISH,English,44,FSI_EF_FAIL,FAIL,FAIL,FAIL (Conf: 100.0%),PASS,,,,TRUE
2026-04-05 10:51:45,ION30,APAC,Traditional Chinese,45,FSI_EMER_ACK_RCVD,ACK RECEIVED,收到確認,收到確認 (Conf: 100.0%),PASS,,,,TRUE
2026-04-05 10:52:19,ION1,ENGLISH,English,46,FSI_EMER_ACTIVE,EMERGENCY,EMERGENCY,EMERGENCY (Conf: 100.0%),PASS,,,,TRUE
2026-04-05 10:52:26,ION30,APAC,Traditional Chinese,47,FSI_EMER_NO_ACK,NO ACK,未確認,未確認 (Conf: 100.0%),PASS,,,,TRUE
2026-04-05 10:53:00,ION1,ENGLISH,English,48,FSI_EMER_RX_ALARM,EA RECEIVED,EA RECEIVED,EA RECEIVED (Conf: 100.0%),PASS,,,,TRUE
2026-04-05 10:53:43,ION30,APAC,Traditional Chinese,49,FSI_EMER_RX_NOTICE,ALARM RCVD ON,告警接收開,告警接收 (Conf: 88.9%),WARN,Mismatch (Conf: 88.9%): Missing part of the expected text.,,Fail to detect,TRUE
2026-04-05 10:54:17,ION1,ENGLISH,English,50,FSI_EMER_SENDING_ALARM,TX ALARM,TX ALARM,TX ALARM (Conf: 100.0%),PASS,,,,TRUE
2026-04-05 10:55:00,ION30,APAC,Traditional Chinese,51,FSI_EMPTY_STRING,,,"Unsupported media type found. Ignoring non-image media. The image is too dark and unclear, making it challenging to extract text with precision. The screen contents are not fully legible due to lighting and resolution constraints. Could you provide a clearer image with better lighting or contrast? This will help ensure accurate extraction. (Conf: 0.0%)",FAIL,"Mismatch (Conf: 0.0%): Extra text detected: 'Unsupported media type found. Ignoring non-image media. The image is too dark and unclear, making it challenging to extract text with precision. The screen contents are not fully legible due to lighting and resolution constraints. Could you provide a clearer image with better lighting or contrast? This will help ensure accurate extraction.'",,Remove this from batch file,TRUE
2026-04-05 10:55:34,ION1,ENGLISH,English,52,FSI_ENTERED,ENTERED,ENTERED,ENTERED (Conf: 100.0%),PASS,,,,TRUE
2026-04-05 10:55:40,ION30,APAC,Traditional Chinese,53,FSI_ENTER_NAME,NAME,名稱,名稱 (Conf: 100.0%),PASS,,,,TRUE
2026-04-05 10:56:13,ION1,ENGLISH,English,54,FSI_ENTER_NUMBER,NUMBER,NUMBER,NUMBER (Conf: 100.0%),PASS,,,,TRUE
2026-04-05 10:56:55,ION30,APAC,Traditional Chinese,55,FSI_ENTRY_DELETED,ENTRY DELETED,條目 已刪除,儲目己刪除 (Conf: 54.5%),FAIL,Mismatch (Conf: 54.5%): Text misspelled or completely changed.,,Fail to detect,TRUE
2026-04-05 10:57:29,ION1,ENGLISH,English,56,FSI_ENTRY_SAVED,ENTRY SAVED,ENTRY SAVED,ENTRY SAVED (Conf: 100.0%),PASS,,,,TRUE
2026-04-05 10:58:11,ION30,APAC,Traditional Chinese,57,FSI_ERR_SEPARATOR,/,/,"Unsupported media type found. Ignoring non-image media. The image provided has extremely low clarity. Unfortunately, the text on the screen is not legible due to the poor resolution and lighting conditions. If possible, please provide a clearer image so I can assist you with text extraction accurately. (Conf: 0.0%)",FAIL,Mismatch (Conf: 0.0%): Text misspelled or completely changed.,,Remove this from batch file,TRUE
2026-04-05 10:58:52,ION1,ENGLISH,English,58,FSI_ESCALERT,ESCALERT,ESCALERT,ESCALERT (Conf: 100.0%),PASS,,,,TRUE
2026-04-05 10:59:00,ION30,APAC,Traditional Chinese,59,FSI_ESCALERT_OFF,ESCALERT OFF,音量漸響關閉,音量漸響關閉 (Conf: 100.0%),PASS,,,,TRUE
2026-04-05 10:59:33,ION1,ENGLISH,English,60,FSI_ESCALERT_ON,ESCALERT ON,ESCALERT ON,ESCALERT ON (Conf: 100.0%),PASS,,,,TRUE
2026-04-05 10:59:39,ION30,ENGLISH,English,61,FSI_FAILED,FAILED,FAILED,FAILED (Conf: 100.0%),PASS,,,,TRUE
2026-04-05 11:00:12,ION1,ENGLISH,English,63,FSI_FRONT_ACCESSORY,IMPRES ACCY,IMPRES ACCY,IMPRES ACCY (Conf: 100.0%),PASS,,,,TRUE
2026-04-05 11:00:18,ION30,APAC,Traditional Chinese,64,FSI_FRONT_INVALID_ACCESSORY,INVALID ACCY,前端配件無效,前端配件無效 (Conf: 100.0%),PASS,,,,TRUE
2026-04-05 11:01:28,ION1,ENGLISH,English,65,FSI_GPS_WAITING,RETRV GNSS,RETRV GNSS,RETRY GNSS (Conf: 90.0%),WARN,Mismatch (Conf: 90.0%): Text misspelled or completely changed.,,Fail to detect,TRUE
2026-04-05 11:01:36,ION30,APAC,Traditional Chinese,66,FSI_GPS_WAITING_FAILED,GNSS FAILED,GNSS 失敗,GNSS 失敗 (Conf: 100.0%),PASS,,,,TRUE
2026-04-05 11:02:49,ION1,ENGLISH,English,68,FSI_HORN_LIGHTS,HORNS AND LIGHTS,HORNS AND LIGHTS,HORNS AND LI... (Conf: 77.4%),WARN,Mismatch (Conf: 77.4%): Text misspelled or completely changed.,,"truncated, Fail",TRUE
2026-04-05 11:03:34,ION30,APAC,Traditional Chinese,69,FSI_HORN_LIGHTS_OFF,H&L OFF,H&L 關閉,H&L 關開 (Conf: 83.3%),WARN,Mismatch (Conf: 83.3%): Text misspelled or completely changed.,,Fail to detect,TRUE
2026-04-05 11:04:44,ION1,ENGLISH,English,70,FSI_HORN_LIGHTS_ON,H&L ON,H&L ON,HEL ON (Conf: 83.3%),WARN,Mismatch (Conf: 83.3%): Text misspelled or completely changed.,,Fail to detect,TRUE
2026-04-05 11:04:52,ION30,APAC,Traditional Chinese,72,FSI_IMPRES_BATTERY,IMPRES BATT,IMPRES 電池,IMPRES 電池 (Conf: 100.0%),PASS,,,,TRUE
2026-04-05 11:05:26,ION1,ENGLISH,English,73,FSI_INBOX_CLEAR,INBOX CLEARED,INBOX CLEARED,INBOX CLEARED (Conf: 100.0%),PASS,,,,TRUE
2026-04-05 11:06:09,ION30,APAC,Traditional Chinese,74,FSI_INBOX_FULL,INBOX FULL,收件夾滿,附件交璜 (Conf: 25.0%),FAIL,Mismatch (Conf: 25.0%): Text misspelled or completely changed.,,Fail to detect,TRUE
2026-04-05 11:06:42,ION1,ENGLISH,English,75,FSI_INVALID_ACCESSORY,INVALID ACCY,INVALID ACCY,INVALID ACCY (Conf: 100.0%),PASS,,,,TRUE
2026-04-05 11:06:49,ION30,APAC,Traditional Chinese,76,FSI_INVALID_ENTRY,INVALID ENTRY,輸入無效,輸入無效 (Conf: 100.0%),PASS,,,,TRUE
2026-04-05 11:07:23,ION1,ENGLISH,English,77,FSI_INVALID_STR,INVALID #,INVALID #,INVALID # (Conf: 100.0%),PASS,,,,TRUE
2026-04-05 11:08:07,ION30,APAC,Traditional Chinese,78,FSI_KEYPAD_LOCK,KNOB LOCKED,旋鈕鎖定,施組設定 (Conf: 25.0%),FAIL,Mismatch (Conf: 25.0%): Text misspelled or completely changed.,,Fail to detect,TRUE
2026-04-05 11:08:40,ION1,ENGLISH,English,79,FSI_INVALID_CHANNEL,INVALID CH,INVALID CH,INVALID CH (Conf: 100.0%),PASS,,,,TRUE
2026-04-05 11:08:54,ION30,APAC,Traditional Chinese,80,FSI_KEYPAD_TONES,KEYPAD TONE,按鍵音,按鍵音 (Conf: 100.0%),PASS,,,,TRUE
2026-04-05 11:09:27,ION1,ENGLISH,English,81,FSI_KEYPAD_TONES_OFF,KEYTONE OFF,KEYTONE OFF,KEYTONE OFF (Conf: 100.0%),PASS,,,,TRUE
2026-04-05 11:09:43,ION30,APAC,Traditional Chinese,82,FSI_KEYPAD_TONES_ON,KEYTONE ON,按鍵音開啟,按鍵音開啟 (Conf: 100.0%),PASS,,,,TRUE
2026-04-05 11:10:54,ION1,ENGLISH,English,83,FSI_KEYPAD_UNLOCK,KNOB UNLOCKD,KNOB UNLOCKD,KNO8UNLOCKD (Conf: 87.0%),WARN,Mismatch (Conf: 87.0%): Text misspelled or completely changed.,,Fail to detect,TRUE
2026-04-05 11:11:39,ION30,APAC,Traditional Chinese,84,FSI_KEYPAD_UNLOCK_HELP,MENU THEN * TO UNLOCK,按Menu*解鎖,Menu (Conf: 66.7%),FAIL,Mismatch (Conf: 66.7%): Missing part of the expected text.,,Fail to detect,TRUE
2026-04-05 11:12:28,ION1,ENGLISH,English,86,FSI_LED_TEST,LED Test Mode,LED Test Mode,LED Test Mode (Conf: 100.0%),PASS,,,Double check between D and T has space or not,TRUE
2026-04-05 11:12:36,ION30,APAC,Traditional Chinese,87,FSI_LIST_EMPTY,LIST EMPTY,列表空,列表空 (Conf: 100.0%),PASS,,,,TRUE
2026-04-05 11:13:09,ION1,ENGLISH,English,88,FSI_LIST_FULL,LIST FULL,LIST FULL,LIST FULL (Conf: 100.0%),PASS,,,,TRUE
2026-04-05 11:13:16,ION30,APAC,Traditional Chinese,89,FSI_LIST_SAVED,LIST SAVED,列表儲存,列表儲存 (Conf: 100.0%),PASS,,,,TRUE
2026-04-05 11:13:49,ION1,ENGLISH,English,92,FSI_LOW_BATTERY,LOW BATTERY,LOW BATTERY,LOW BATTERY (Conf: 100.0%),PASS,,,,TRUE
2026-04-05 11:14:33,ION30,APAC,Traditional Chinese,94,FSI_MSG_DELETED,MESSAGE DELETED,刪除信息,閒 於信息 (Conf: 44.4%),FAIL,Mismatch (Conf: 44.4%): Text misspelled or completely changed.,,Fail to detect,TRUE
2026-04-05 11:15:43,ION1,ENGLISH,English,95,FSI_NO,NO,NO,10 (Conf: 0.0%),FAIL,Mismatch (Conf: 0.0%): Text misspelled or completely changed.,,Fail to detect,TRUE
2026-04-05 11:16:28,ION30,APAC,Traditional Chinese,96,FSI_NON_IMPRES_BATTERY,NO IMPR BATT,非 IMPR 電池,NO_TEXT (Conf: 0.0%),FAIL,Mismatch (Conf: 0.0%): Text misspelled or completely changed.,,Fail to detect,TRUE
2026-04-05 11:17:01,ION1,ENGLISH,English,97,FSI_INVALID_IMPRES_BATTERY,RECOND BATT,RECOND BATT,RECOND BATT (Conf: 100.0%),PASS,,,,TRUE
2026-04-05 11:17:07,ION30,APAC,Traditional Chinese,98,FSI_NOTICE_SELECTED,SELECTED,已選擇,已選擇 (Conf: 100.0%),PASS,,,,TRUE
2026-04-05 11:17:41,ION1,ENGLISH,English,99,FSI_NOTICE_SET_AS_DEFAULT,SET AS DEFAULT,SET AS DEFAULT,SET AS DEFAULT (Conf: 100.0%),PASS,,,,TRUE
2026-04-05 11:18:25,ION30,APAC,Traditional Chinese,100,FSI_NOTICE_SUSPENSION,...,...,"Unsupported media type found. Ignoring non-image media. The image is dark, and the screen text is unclear or indistinct. Unfortunately, I can't extract any visible text or icons from this image. If you have a clearer image or additional context, feel free to share it! (Conf: 0.0%)",FAIL,Mismatch (Conf: 0.0%): Text misspelled or completely changed.,,Remove this from batch file,TRUE
2026-04-05 11:18:58,ION1,ENGLISH,English,101,FSI_NO_EMER,NO EMERGENCY,NO EMERGENCY,NO EMERGENCY (Conf: 100.0%),PASS,,,,TRUE
2026-04-05 11:19:40,ION30,APAC,Traditional Chinese,102,FSI_NUIS_DEL,NSNCE DEL,滋擾刪除,液壓剛除 (Conf: 25.0%),FAIL,Mismatch (Conf: 25.0%): Text misspelled or completely changed.,,Fail to detect,TRUE
2026-04-05 11:20:35,ION1,ENGLISH,English,103,FSI_NUIS_DEL_FAIL,NSNCE DEL FAIL,NSNCE DEL FAIL,NSNCE DEL FAIL (Conf: 100.0%),PASS,,,,TRUE
2026-04-05 11:20:42,ION30,APAC,Traditional Chinese,104,FSI_OK_TO_SEND,PRESS OK TO SEND,按OK發送,按OK發送 (Conf: 100.0%),PASS,,,,TRUE
2026-04-05 11:21:52,ION1,ENGLISH,English,105,FSI_OPTION_BOARD_OFF,OPTION BOARD OFF,OPTION BOARD OFF,ICON BOARD OFF (Conf: 86.7%),WARN,Mismatch (Conf: 86.7%): Text misspelled or completely changed.,,"truncated, Fail",TRUE
2026-04-05 11:22:37,ION30,APAC,Traditional Chinese,106,FSI_OPTION_BOARD_ON,OPTION BOARD ON,選配功能開,超配功能開 (Conf: 80.0%),WARN,Mismatch (Conf: 80.0%): Text misspelled or completely changed.,,Fail to detect,TRUE
2026-04-05 11:23:10,ION1,ENGLISH,English,107,FSI_PA,PA,PA,PA (Conf: 100.0%),PASS,,,,TRUE
2026-04-05 11:23:16,ION30,APAC,Traditional Chinese,108,FSI_PADDED_ERROR,ERROR,錯誤,錯誤 (Conf: 100.0%),PASS,,,,TRUE
2026-04-05 11:23:49,ION1,ENGLISH,English,109,FSI_PAGE_RCVD,CALL ALERT,CALL ALERT,CALL ALERT (Conf: 100.0%),PASS,,,,TRUE
2026-04-05 11:24:34,ION30,APAC,Traditional Chinese,110,FSI_PARTY_NOT_AVAILABLE,PARTY NA,對方 未應答,對方未應答 (Conf: 90.9%),WARN,Mismatch (Conf: 90.9%): Text misspelled or completely changed.,,Pass,TRUE
2026-04-05 11:25:08,ION1,ENGLISH,English,111,FSI_INT_PA_OFF,INT PA OFF,INT PA OFF,INT PA OFF (Conf: 100.0%),PASS,,,,TRUE
2026-04-05 11:25:23,ION30,APAC,Traditional Chinese,112,FSI_INT_PA_ON,INT PA ON,內部廣播開啟,內部廣播開啟 (Conf: 100.0%),PASS,,,,TRUE
2026-04-05 11:25:56,ION1,ENGLISH,English,113,FSI_EXT_PA_OFF,EXT PA OFF,EXT PA OFF,EXT PA OFF (Conf: 100.0%),PASS,,,,TRUE
2026-04-05 11:26:03,ION30,APAC,Traditional Chinese,114,FSI_EXT_PA_ON,EXT PA ON,外部廣播開啟,外部廣播開啟 (Conf: 100.0%),PASS,,,,TRUE
2026-04-05 11:26:37,ION1,ENGLISH,English,115,FSI_PERMANENT_MONITOR_OFF,PERM MON OFF,PERM MON OFF,PERM MON OFF (Conf: 100.0%),PASS,,,,TRUE
2026-04-05 11:27:21,ION30,APAC,Traditional Chinese,116,FSI_PERMANENT_MONITOR_ON,PERM MON ON,經常性監控開,經常性監控問 (Conf: 83.3%),WARN,Mismatch (Conf: 83.3%): Text misspelled or completely changed.,,Fail to detect,TRUE
2026-04-05 11:27:54,ION1,ENGLISH,English,117,FSI_PERMIT_TONE,TALK PERMIT,TALK PERMIT,TALK PERMIT (Conf: 100.0%),PASS,,,,TRUE
2026-04-05 11:28:01,ION30,APAC,Traditional Chinese,118,FSI_PERMIT_TONE_OFF,TP TONE OFF,通話許可音關,通話許可音關 (Conf: 100.0%),PASS,,,,TRUE
2026-04-05 11:29:16,ION1,ENGLISH,English,119,FSI_PERMIT_TONE_ON,TP TONE ON,TP TONE ON,VIP TONE ON (Conf: 85.7%),WARN,Mismatch (Conf: 85.7%): Text misspelled or completely changed.,,Fail to detect,TRUE
2026-04-05 11:29:23,ION30,APAC,Traditional Chinese,120,FSI_POWER_OFF,PWR DOWN,關機,關機 (Conf: 100.0%),PASS,,,,TRUE
2026-04-05 11:29:58,ION1,ENGLISH,English,121,FSI_PRESS_PTT,PRESS PTT,PRESS PTT,PRESS PTT (Conf: 100.0%),PASS,,,,TRUE
2026-04-05 11:30:05,ION30,APAC,Traditional Chinese,122,FSI_PRIVATE_CALL,PRIVATE CALL,個別呼叫,個別呼叫 (Conf: 100.0%),PASS,,,got 1 line in the box,TRUE
2026-04-05 11:30:38,ION1,ENGLISH,English,123,FSI_PRIVATE_RINGER,PRIVATE CALL,PRIVATE CALL,PRIVATE CALL (Conf: 100.0%),PASS,,,,TRUE
2026-04-05 11:30:45,ION30,APAC,Traditional Chinese,124,FSI_PRIVATE_RINGER_OFF,PRV RING OFF,私人鈴聲關閉,私人鈴聲關閉 (Conf: 100.0%),PASS,,,,TRUE
2026-04-05 11:31:19,ION1,ENGLISH,English,125,FSI_PRIVATE_RINGER_ON,PRV RING ON,PRV RING ON,PRV RING ON (Conf: 100.0%),PASS,,,,TRUE
2026-04-05 11:31:26,ION30,APAC,Traditional Chinese,126,FSI_PROGRAM_MODE,PRGM MODE,燒錄模式,燒錄模式 (Conf: 100.0%),PASS,,,,TRUE
2026-04-05 11:32:00,ION1,ENGLISH,English,127,FSI_PWR_SELECT_HIGH,TX POWER HIGH,TX POWER HIGH,TX POWER HIGH (Conf: 100.0%),PASS,,,,TRUE
2026-04-05 11:32:16,ION30,APAC,Traditional Chinese,128,FSI_PWR_SELECT_LOW,TX POWER LOW,低發射功率,低發射功率 (Conf: 100.0%),PASS,,,,TRUE
2026-04-05 11:32:53,ION1,ENGLISH,English,129,FSI_PWR_SELECT_TITLE,POWER,POWER,POWER (Conf: 100.0%),PASS,,,,TRUE
2026-04-05 11:33:01,ION30,APAC,Traditional Chinese,130,FSI_RADIO_CHECK_FAILED,TARGET NA,話機不可用,話機不可用 (Conf: 100.0%),PASS,,,,TRUE
2026-04-05 11:33:34,ION1,ENGLISH,English,131,FSI_RADIO_CHECK_SUCCESSFUL,TARGET AVAIL,TARGET AVAIL,TARGET AVAIL (Conf: 100.0%),PASS,,,,TRUE
2026-04-05 11:33:40,ION30,APAC,Traditional Chinese,132,FSI_RADIO_CHECK_X,RADIO CHECK,話機檢查,話機檢查 (Conf: 100.0%),PASS,,,Double check wit actual,TRUE
2026-04-05 11:34:13,ION1,ENGLISH,English,133,FSI_RADIO_DISABLE,RADIO DISABLE,RADIO DISABLE,RADIO DISABLE (Conf: 100.0%),PASS,,,,TRUE
2026-04-05 11:34:59,ION30,APAC,Traditional Chinese,134,FSI_RADIO_DISABLE_FAILED,DISABLE FAILED,話機禁止失效,該機禁止改 (Conf: 54.5%),FAIL,Mismatch (Conf: 54.5%): Text misspelled or completely changed.,,Fail to detect,TRUE
2026-04-05 11:35:39,ION1,ENGLISH,English,135,FSI_RADIO_DISABLE_SUCCESSFUL,RAD DISABLED,RAD DISABLED,RAD DISABLED (Conf: 100.0%),PASS,,,,TRUE
2026-04-05 11:36:24,ION30,APAC,Traditional Chinese,136,FSI_RADIO_DISABLE_X,RADIO DISABLE,話機禁止,請攜禁止 (Conf: 50.0%),FAIL,Mismatch (Conf: 50.0%): Text misspelled or completely changed.,,Fail to detect,TRUE
2026-04-05 11:36:56,ION1,ENGLISH,English,137,FSI_RADIO_ENABLE_FAILED,ENABLE FAILED,ENABLE FAILED,ENABLE FAILED (Conf: 100.0%),PASS,,,,TRUE
2026-04-05 11:37:09,ION30,APAC,Traditional Chinese,138,FSI_RADIO_ENABLE_SUCCESSFUL,RAD ENABLED,話機啟程 成功,話機啟程 成功 (Conf: 100.0%),PASS,,,Double check wit actual,TRUE
2026-04-05 11:37:42,ION1,ENGLISH,English,139,FSI_RADIO_ENABLE_X,RADIO ENABLE,RADIO ENABLE,RADIO ENABLE (Conf: 100.0%),PASS,,,,TRUE
2026-04-05 11:38:27,ION30,APAC,Traditional Chinese,140,FSI_RADIO_VOLUME,RADIO VOLUME,話機音量,話 音量 (Conf: 75.0%),WARN,Mismatch (Conf: 75.0%): Text misspelled or completely changed.,,Fail to detect,TRUE
2026-04-05 11:39:00,ION1,ENGLISH,English,141,FSI_REAR_ACCESSORY,IMPRES ACCY,IMPRES ACCY,IMPRES ACCY (Conf: 100.0%),PASS,,,,TRUE
2026-04-05 11:39:13,ION30,APAC,Traditional Chinese,142,FSI_REAR_INVALID_ACCESSORY,INVALID ACCY,後端配件無效,後端配件無效 (Conf: 100.0%),PASS,,,,TRUE
2026-04-05 11:40:21,ION1,ENGLISH,English,144,FSI_REMORE_MONITOR_FAILED,REM MON FAIL,REM MON FAIL,BER MON FAIL (Conf: 83.3%),WARN,Mismatch (Conf: 83.3%): Text misspelled or completely changed.,,Fail to detect,TRUE
2026-04-05 11:41:06,ION30,APAC,Traditional Chinese,145,FSI_REMOTE_MONITOR_ENDED,REM MON END,遠端監控終止,遠端監在線上 (Conf: 50.0%),FAIL,Mismatch (Conf: 50.0%): Text misspelled or completely changed.,,Fail to detect,TRUE
2026-04-05 11:41:39,ION1,ENGLISH,English,146,FSI_REMOTE_MONITOR_SENDING,REM. MONITOR,REM. MONITOR,REM. MONITOR (Conf: 100.0%),PASS,,,,TRUE
2026-04-05 11:41:47,ION30,APAC,Traditional Chinese,147,FSI_REMOTE_MONITOR_X,REMOTE MON.,遠端監控,遠端監控 (Conf: 100.0%),PASS,,,,TRUE
2026-04-05 11:42:19,ION1,ENGLISH,English,148,FSI_REMOTE_MONITOR_STR,REM. MONITOR,REM. MONITOR,REM. MONITOR (Conf: 100.0%),PASS,,,,TRUE
2026-04-05 11:42:25,ION30,APAC,Traditional Chinese,149,FSI_REMOTE_MONITOR_SUCCESSFUL,REM MON OK,遠端監控成功,遠端監控成功 (Conf: 100.0%),PASS,,,,TRUE
2026-04-05 11:42:57,ION1,ENGLISH,English,150,FSI_REPEATER,TLKRND OFF,TLKRND OFF,TLKRND OFF (Conf: 100.0%),PASS,,,,TRUE
2026-04-05 11:43:04,ION30,APAC,Traditional Chinese,151,FSI_REPLACE_BATTERY,REPLACE BATTERY,更換電池,更換電池 (Conf: 100.0%),PASS,,,,TRUE
2026-04-05 11:43:37,ION1,ENGLISH,English,153,FSI_RF_TEST,RF Test Mode,RF Test Mode,RF Test Mode (Conf: 100.0%),PASS,,,,TRUE
2026-04-05 11:43:44,ION30,APAC,Traditional Chinese,155,FSI_RING_1,TONE 1,音調 1,音調 1 (Conf: 100.0%),PASS,,,,TRUE
2026-04-05 11:44:17,ION1,ENGLISH,English,156,FSI_RING_10,TONE 10,TONE 10,TONE 10 (Conf: 100.0%),PASS,,,,TRUE
2026-04-05 11:44:23,ION30,APAC,Traditional Chinese,157,FSI_RING_2,TONE 2,音調 2,音調 2 (Conf: 100.0%),PASS,,,,TRUE
2026-04-05 11:45:33,ION1,ENGLISH,English,158,FSI_RING_3,TONE 3,TONE 3,ZONE 3 (Conf: 83.3%),WARN,Mismatch (Conf: 83.3%): Text misspelled or completely changed.,,Fail to detect,TRUE
2026-04-05 11:45:40,ION30,APAC,Traditional Chinese,159,FSI_RING_4,TONE 4,音調 4,音調 4 (Conf: 100.0%),PASS,,,,TRUE
2026-04-05 11:46:13,ION1,ENGLISH,English,160,FSI_RING_5,TONE 5,TONE 5,TONE 5 (Conf: 100.0%),PASS,,,,TRUE
2026-04-05 11:46:27,ION30,APAC,Traditional Chinese,161,FSI_RING_6,TONE 6,音調 6,音調 6 (Conf: 100.0%),PASS,,,double check actual,TRUE
2026-04-05 11:47:37,ION1,ENGLISH,English,162,FSI_RING_7,TONE 7,TONE 7,TONE7 (Conf: 90.9%),WARN,Mismatch (Conf: 90.9%): Text misspelled or completely changed.,,Manage to detect specing,TRUE
2026-04-05 11:48:23,ION30,APAC,Traditional Chinese,163,FSI_RING_8,TONE 8,音調 8,音調 (Conf: 66.7%),FAIL,Mismatch (Conf: 66.7%): Missing part of the expected text.,,Fail to detect,TRUE
2026-04-05 11:48:56,ION1,ENGLISH,English,164,FSI_RING_9,TONE 9,TONE 9,TONE 9 (Conf: 100.0%),PASS,,,,TRUE
2026-04-05 11:49:03,ION30,APAC,Traditional Chinese,165,FSI_RING_NO_STYLE,DEFAULT,初始設定,初始設定 (Conf: 100.0%),PASS,,,,TRUE
2026-04-05 11:49:36,ION1,ENGLISH,English,166,FSI_RING_TURN_OFF,OFF,OFF,OFF (Conf: 100.0%),PASS,,,,TRUE
2026-04-05 11:49:44,ION30,APAC,Traditional Chinese,167,FSI_RPTR_TA_TITLE,TALKAROUND,直通模式,直通模式 (Conf: 100.0%),PASS,,,,TRUE
2026-04-05 11:50:17,ION1,ENGLISH,English,168,FSI_SCAN_OFF,SCAN OFF,SCAN OFF,SCAN OFF (Conf: 100.0%),PASS,,,,TRUE
2026-04-05 11:50:24,ION30,APAC,Traditional Chinese,169,FSI_SCAN_ON,SCAN ON,掃瞄開啟,掃瞄開啟 (Conf: 100.0%),PASS,,,,TRUE
2026-04-05 11:50:57,ION1,ENGLISH,English,170,FSI_SEND_TO,SEND MSG. TO,SEND MSG. TO,SEND MSG. TO (Conf: 100.0%),PASS,,,,TRUE
2026-04-05 11:51:03,ION30,APAC,Traditional Chinese,171,FSI_SENT_ITEMS_CLEAR,MSG DLTD,清除已送物件,清除已送物件 (Conf: 100.0%),PASS,,,,TRUE
2026-04-05 11:52:12,ION1,ENGLISH,English,172,FSI_SENT_ITEMS_FULL,SENT ITEMS FULL,SENT ITEMS FULL,SENT ITEMS F... (Conf: 80.0%),WARN,Mismatch (Conf: 80.0%): Text misspelled or completely changed.,,"truncated, Fail",TRUE
2026-04-05 11:52:20,ION30,ENGLISH,English,173,FSI_SERIAL_NUMBER,MSN,MSN,MSN (Conf: 100.0%),PASS,,,,TRUE
2026-04-05 11:52:52,ION1,ENGLISH,English,175,FSI_SETTING_SAVED,SETTING SAVED,SETTING SAVED,SETTING SAVED (Conf: 100.0%),PASS,,,,TRUE
2026-04-05 11:53:37,ION30,APAC,Traditional Chinese,176,FSI_SMART_ACCESSORY,IMPRES ACCY,IMPRES 配件,114 PRES 匯入 (Conf: 50.0%),FAIL,Mismatch (Conf: 50.0%): Text misspelled or completely changed.,,Fail to detect,TRUE
2026-04-05 11:54:38,ION1,ENGLISH,English,178,FSI_SQUELCH_CONFIRM_NORMAL,NRML SQUELCH,NRML SQUELCH,NRML SQUELCH (Conf: 100.0%),PASS,,,,TRUE
2026-04-05 11:55:21,ION30,APAC,Traditional Chinese,179,FSI_SQUELCH_CONFIRM_TIGHT,TIGHT SQUELCH,靜噪嚴格,緊急廣播 (Conf: 0.0%),FAIL,Mismatch (Conf: 0.0%): Text misspelled or completely changed.,,Fail to detect,TRUE
2026-04-05 11:55:54,ION1,ENGLISH,English,180,FSI_SQUELCH_TITLE,SQUELCH,SQUELCH,SQUELCH (Conf: 100.0%),PASS,,,,TRUE
2026-04-05 11:56:02,ION30,APAC,Traditional Chinese,181,FSI_TALKAROUND,TLKRND ON,直通模式開啟,直通模式開啟 (Conf: 100.0%),PASS,,,,TRUE
2026-04-05 11:56:36,ION1,ENGLISH,English,182,FSI_TELEMETRY,TELEMETRY:,TELEMETRY:,TELEMETRY: (Conf: 100.0%),PASS,,,,TRUE
2026-04-05 11:56:44,ION30,APAC,Traditional Chinese,183,FSI_TEXT_MESSAGE,SENDING TO,傳送到,傳送到 (Conf: 100.0%),PASS,,,,TRUE
2026-04-05 11:57:55,ION1,ENGLISH,English,184,FSI_TEXT_MESSAGE_ACK_PASS,MESSAGE ACK PASSED,MESSAGE ACK PASSED,PAGE ACK PASSE (Conf: 81.2%),WARN,Mismatch (Conf: 81.2%): Text misspelled or completely changed.,,"truncated, Fail",TRUE
2026-04-05 11:58:41,ION30,APAC,Traditional Chinese,185,FSI_TEXT_MESSAGE_NO_ACK,MESSAGE ACK FAILED,訊息確認失效,訊息確認失敗 (Conf: 83.3%),WARN,Mismatch (Conf: 83.3%): Text misspelled or completely changed.,,Fail to detect,TRUE
2026-04-05 11:59:50,ION1,ENGLISH,English,186,FSI_TEXT_MESSAGE_SENT,SENT SUCCESSFULLY,SENT SUCCESSFULLY,SENT SUCCES... (Conf: 71.0%),WARN,Mismatch (Conf: 71.0%): Text misspelled or completely changed.,,"truncated, Fail",TRUE
2026-04-05 11:59:58,ION30,APAC,Traditional Chinese,187,FSI_TEXT_MESSAGE_SENT_FAIL,SENDING FAILED,發送失敗,發送失敗 (Conf: 100.0%),PASS,,,,TRUE
2026-04-05 12:01:08,ION1,ENGLISH,English,188,FSI_MESSAGES_RINGER_OFF,MESSAGE RINGER OFF,MESSAGE RINGER OFF,MESSAGE RIN... (Conf: 68.8%),FAIL,Mismatch (Conf: 68.8%): Text misspelled or completely changed.,,"truncated, Fail",TRUE
2026-04-05 12:01:17,ION30,APAC,Traditional Chinese,189,FSI_TONE_DISABLE,ALL TONES,所有響音,所有響音 (Conf: 100.0%),PASS,,,,TRUE
2026-04-05 12:01:50,ION1,ENGLISH,English,190,FSI_TONE_DISABLE_OFF,ALL TONES OFF,ALL TONES OFF,ALL TONES OFF (Conf: 100.0%),PASS,,,,TRUE
2026-04-05 12:01:56,ION30,APAC,Traditional Chinese,191,FSI_TONE_DISABLE_ON,ALL TONES ON,所有提示開啟,所有提示開啟 (Conf: 100.0%),PASS,,,,TRUE
2026-04-05 12:03:07,ION1,ENGLISH,English,192,FSI_TTR_MODE,POWER RAMP TRIGGER ON,POWER RAMP TRIGGER ON,AMPTRIGGER ON (Conf: 76.5%),WARN,Mismatch (Conf: 76.5%): Text misspelled or completely changed.,,"truncated, Fail",TRUE
2026-04-05 12:03:52,ION30,ENGLISH,English,193,FSI_UNKNOWN_BW,UNKNOWN BW,UNKNOWN BW,UNKNOWN EPI (Conf: 76.2%),WARN,Mismatch (Conf: 76.2%): Text misspelled or completely changed.,,Double check original,TRUE
2026-04-05 12:04:25,ION1,ENGLISH,English,194,FSI_UNPROGRAMMED,UNPROG,UNPROG,UNPROG (Conf: 100.0%),PASS,,,,FALSE
2026-04-05 12:04:39,ION30,ENGLISH,English,195,FSI_VIO,VIO,VIO,VIO (Conf: 100.0%),PASS,,,,TRUE
2026-04-05 12:05:19,ION1,ENGLISH,English,196,FSI_VOLTAGE_ACTIVE,VOLT: ACTIVE,VOLT: ACTIVE,VOLT: ACTIVE (Conf: 100.0%),PASS,,,,TRUE
2026-04-05 12:06:03,ION30,APAC,Traditional Chinese,197,FSI_VOLTAGE_INACTIVE,VOLT: INACTIVE,VOLT: 失效,VOLT 失效 (Conf: 93.3%),WARN,Mismatch (Conf: 93.3%): Text misspelled or completely changed.,,Fail to detect,TRUE
2026-04-05 12:06:36,ION1,ENGLISH,English,198,FSI_VOX_OFF,VOX OFF,VOX OFF,VOX OFF (Conf: 100.0%),PASS,,,,TRUE
2026-04-05 12:07:20,ION30,APAC,Traditional Chinese,199,FSI_VOX_ON,VOX ON,聲控發射開,專用 基在發射器 (Conf: 30.8%),FAIL,Mismatch (Conf: 30.8%): Text misspelled or completely changed.,,Fail to detect,TRUE
2026-04-05 12:07:53,ION1,ENGLISH,English,200,FSI_VP_OFF,PRIVACY OFF,PRIVACY OFF,PRIVACY OFF (Conf: 100.0%),PASS,,,,TRUE
2026-04-05 12:08:07,ION30,APAC,Traditional Chinese,201,FSI_VP_ON,PRIVACY ON,私密開啟,私密開啟 (Conf: 100.0%),PASS,,,,TRUE
2026-04-05 12:09:17,ION1,ENGLISH,English,202,FSI_VOICE_ANNOUNCE_OFF,VOICE ANNOUN OFF,VOICE ANNOUN OFF,NICE AMOUNT OF (Conf: 73.3%),WARN,Mismatch (Conf: 73.3%): Text misspelled or completely changed.,,"truncated, Fail",TRUE
2026-04-05 12:10:02,ION30,APAC,Traditional Chinese,203,FSI_VOICE_ANNOUNCE_ON,VOICE ANNOUN ON,聲音通知開,聲音通知關 (Conf: 80.0%),WARN,Mismatch (Conf: 80.0%): Text misspelled or completely changed.,,Fail to detect,TRUE
2026-04-05 12:11:13,ION1,ENGLISH,English,204,FSI_WELCOME_SCREEN_OFF,INTRO SCREEN OFF,INTRO SCREEN OFF,NO SCREEN OFF (Conf: 89.7%),WARN,Mismatch (Conf: 89.7%): Text misspelled or completely changed.,,"truncated, Fail",TRUE
2026-04-05 12:11:20,ION30,APAC,Traditional Chinese,205,FSI_WELCOME_SCREEN_ON,INTRO SCREEN ON,開啟介紹畫面,開啟介紹畫面 (Conf: 100.0%),PASS,,,,TRUE
2026-04-05 12:11:53,ION1,ENGLISH,English,207,FSI_ZONE,ZONE,ZONE,ZONE (Conf: 100.0%),PASS,,,,TRUE
2026-04-05 12:12:00,ION30,APAC,Traditional Chinese,208,FSI_JANUARY,JAN.,一月,一月 (Conf: 100.0%),PASS,,,,TRUE
2026-04-05 12:12:33,ION1,ENGLISH,English,209,FSI_FEBRUARY,FEB.,FEB.,FEB. (Conf: 100.0%),PASS,,,,TRUE
2026-04-05 12:13:18,ION30,ENGLISH,English,210,FSI_MARCH,MAR.,MAR.,CH (Conf: 0.0%),FAIL,Mismatch (Conf: 0.0%): Text misspelled or completely changed.,,Fail to detect,TRUE
2026-04-05 12:14:28,ION1,ENGLISH,English,211,FSI_APRIL,APR.,APR.,APR. (Conf: 100.0%),PASS,,,,TRUE
2026-04-05 12:14:35,ION30,APAC,Traditional Chinese,212,FSI_MAY,MAY,五月,五月 (Conf: 100.0%),PASS,,,,TRUE
2026-04-05 12:15:45,ION1,ENGLISH,English,213,FSI_JUNE,JUN.,JUN.,SUN. (Conf: 75.0%),WARN,Mismatch (Conf: 75.0%): Text misspelled or completely changed.,,Fail to detect,TRUE
2026-04-05 12:15:53,ION30,APAC,Traditional Chinese,214,FSI_JULY,JUL.,七月,七月 (Conf: 100.0%),PASS,,,,TRUE
2026-04-05 12:16:25,ION1,ENGLISH,English,215,FSI_AUGUST,AUG.,AUG.,AUG. (Conf: 100.0%),PASS,,,,TRUE
2026-04-05 12:17:09,ION30,APAC,Traditional Chinese,216,FSI_SEPTEMBER,SEPT.,九月,五月 (Conf: 50.0%),FAIL,Mismatch (Conf: 50.0%): Text misspelled or completely changed.,,Fail to detect,TRUE
2026-04-05 12:17:42,ION1,ENGLISH,English,217,FSI_OCTOBER,OCT.,OCT.,OCT. (Conf: 100.0%),PASS,,,,TRUE
2026-04-05 12:17:51,ION30,APAC,Traditional Chinese,218,FSI_NOVEMBER,NOV.,十一月,十一月 (Conf: 100.0%),PASS,,,,TRUE
2026-04-05 12:18:24,ION1,ENGLISH,English,219,FSI_DECEMBER,DEC.,DEC.,DEC. (Conf: 100.0%),PASS,,,,TRUE
2026-04-05 12:18:30,ION30,APAC,Traditional Chinese,220,FSI_NOTICE_SELECTED_TONE,SELECTED,已選擇,已選擇 (Conf: 100.0%),PASS,,,,TRUE
2026-04-05 12:19:02,ION1,ENGLISH,English,221,FSI_NOTICE_SELECTED_LANGUAGE,SELECTED,SELECTED,SELECTED (Conf: 100.0%),PASS,,,,TRUE
2026-04-05 12:19:08,ION30,APAC,Traditional Chinese,222,FSI_TEXT_MESSAGE_TRUNCATED,MESSAGE TRUNCATED,信息 被截短,信息 被截短 (Conf: 100.0%),PASS,,,,TRUE
2026-04-05 12:19:41,ION1,ENGLISH,English,223,FSI_3RDPARTY_CONN_MODE_MOTOROLA,MOTOROLA,MOTOROLA,MOTOROLA (Conf: 100.0%),PASS,,,,TRUE
2026-04-05 12:19:47,ION30,APAC,Traditional Chinese,224,FSI_3RDPARTY_CONN_MODE_PC_AUDIO,PC/AUDIO,PC音源,PC音源 (Conf: 100.0%),PASS,,,,TRUE
2026-04-05 12:20:20,ION1,ENGLISH,English,225,FSI_3RDPARTY_CONN_MODE_DATA,DATA,DATA,DATA (Conf: 100.0%),PASS,,,,TRUE
2026-04-05 12:21:05,ION30,APAC,Traditional Chinese,226,FSI_3RDPARTY_CONN_MODE_TELEMETRY,TELEMETRY,遙測,車大 進 則 (Conf: 0.0%),FAIL,Mismatch (Conf: 0.0%): Text misspelled or completely changed.,,Fail to detect,TRUE
2026-04-05 12:22:14,ION1,ENGLISH,English,227,FSI_3RDPARTY_CONN_MODE_FRONT_PC_AUDIO,PC/AUDIO,PC/AUDIO,PC AUDIO (Conf: 87.5%),WARN,Mismatch (Conf: 87.5%): Text misspelled or completely changed.,,Fail to detect,TRUE
2026-04-05 12:23:01,ION30,APAC,Traditional Chinese,228,FSI_3RDPARTY_CONN_MODE_FRONT_DATA,DATA,資料,客 群 (Conf: 0.0%),FAIL,Mismatch (Conf: 0.0%): Text misspelled or completely changed.,,Fail to detect,TRUE
2026-04-05 12:23:41,ION1,ENGLISH,English,229,FSI_3RDPARTY_CONN_MODE_REAR_PC_AUDIO,REAR PC/AUD.,REAR PC/AUD.,REAR PC/AUD. (Conf: 100.0%),PASS,,,,TRUE
2026-04-05 12:24:25,ION30,APAC,Traditional Chinese,230,FSI_3RDPARTY_CONN_MODE_REAR_DATA,REAR DATA,後端資料,後端管控 (Conf: 50.0%),FAIL,Mismatch (Conf: 50.0%): Text misspelled or completely changed.,,Fail to detect,TRUE
2026-04-05 12:24:58,ION1,ENGLISH,English,231,FSI_3RDPARTY_CONN_MODE_GENERIC_HID,GENERIC HID,GENERIC HID,GENERIC HID (Conf: 100.0%),PASS,,,,TRUE
2026-04-05 12:25:20,ION30,APAC,Traditional Chinese,232,FSI_3RDPARTY_CONN_MODE_MOTOROLA_SELECTED,MOTO SEL,MOTO 已選取,MOTO 已選取 (Conf: 100.0%),PASS,,,,TRUE
2026-04-05 12:26:14,ION1,ENGLISH,English,233,FSI_3RDPARTY_CONN_MODE_FRONT_PC_AUDIO_SELECTED,PC/AUDIO SEL,PC/AUDIO SEL,PC/AUDIO SEL (Conf: 100.0%),PASS,,,,TRUE
2026-04-05 12:26:59,ION30,APAC,Traditional Chinese,234,FSI_3RDPARTY_CONN_MODE_FRONT_DATA_SELECTED,DATA SELECTED,資料選定,資料建定 (Conf: 75.0%),WARN,Mismatch (Conf: 75.0%): Text misspelled or completely changed.,,Fail to detect,TRUE
2026-04-05 12:28:08,ION1,ENGLISH,English,235,FSI_3RDPARTY_CONN_MODE_REAR_PC_AUDIO_SELECTED,REAR PC/AUDIO,REAR PC/AUDIO,REAR PC: AUDIO (Conf: 88.9%),WARN,Mismatch (Conf: 88.9%): Text misspelled or completely changed.,,Fail to detect,TRUE
2026-04-05 12:28:15,ION30,APAC,Traditional Chinese,236,FSI_3RDPARTY_CONN_MODE_REAR_DATA_SELECTED,R DATA SEL,後端資料,後端資料 (Conf: 100.0%),PASS,,,,TRUE
2026-04-05 12:28:48,ION1,ENGLISH,English,237,FSI_3RDPARTY_CONN_MODE_PC_AUDIO_SELECTED,PC/AUDIO SEL,PC/AUDIO SEL,PC/AUDIO SEL (Conf: 100.0%),PASS,,,,TRUE
2026-04-05 12:28:56,ION30,APAC,Traditional Chinese,238,FSI_3RDPARTY_CONN_MODE_DATA_SELECTED,DATA SELECTED,資料選定,資料選定 (Conf: 100.0%),PASS,,,,TRUE
2026-04-05 12:29:29,ION1,ENGLISH,English,239,FSI_3RDPARTY_CONN_MODE_TELEMETRY_SELECTED,TELMTRY SEL,TELMTRY SEL,TELMTRY SEL (Conf: 100.0%),PASS,,,,TRUE
2026-04-05 12:30:15,ION30,APAC,Traditional Chinese,240,FSI_3RDPARTY_CONN_MODE_GENERIC_HID_SELECTED,GENERIC HID SELECTED,通用HID 已選擇,通用HID 已達 (Conf: 82.4%),WARN,Mismatch (Conf: 82.4%): Text misspelled or completely changed.,,Fail to detect,TRUE
2026-04-05 12:30:48,ION1,ENGLISH,English,241,FSI_ATT_MODE_ENTER,ENTR ATT MOD,ENTR ATT MOD,ENTR ATT MOD (Conf: 100.0%),PASS,,,,TRUE
2026-04-05 12:31:34,ION30,APAC,Traditional Chinese,242,FSI_AIR_TRACE_MODE,AIR TRCE MOD,無線追蹤模式,無線電啟動 (Conf: 36.4%),FAIL,Mismatch (Conf: 36.4%): Text misspelled or completely changed.,,Fail to detect,TRUE
2026-04-05 12:32:07,ION1,ENGLISH,English,243,FSI_MEMORY_FULL,MEMORY FULL,MEMORY FULL,MEMORY FULL (Conf: 100.0%),PASS,,,,TRUE
2026-04-05 12:32:15,ION30,APAC,Traditional Chinese,244,FSI_EP_OFF,PRIVACY OFF,私密關閉,私密關閉 (Conf: 100.0%),PASS,,,,TRUE
2026-04-05 12:32:49,ION1,ENGLISH,English,245,FSI_EP_ON,PRIVACY ON,PRIVACY ON,PRIVACY ON (Conf: 100.0%),PASS,,,,TRUE
2026-04-05 12:33:11,ION30,APAC,Traditional Chinese,246,FSI_FINDING_SITE,FINDING SITE...,找尋站台...,找尋站台... (Conf: 100.0%),PASS,,,,TRUE
2026-04-05 12:33:44,ION1,ENGLISH,English,247,FSI_SITE_FOUND,SITE FOUND,SITE FOUND,SITE FOUND (Conf: 100.0%),PASS,,,,TRUE
2026-04-05 12:33:53,ION30,APAC,Traditional Chinese,248,FSI_OUT_OF_RANGE,OUT OF RANGE,超出範圍,超出範圍 (Conf: 100.0%),PASS,,,,TRUE
2026-04-05 12:34:26,ION1,ENGLISH,English,249,FSI_SITE_LOCK,SITE LOCKED,SITE LOCKED,SITE LOCKED (Conf: 100.0%),PASS,,,,TRUE
2026-04-05 12:35:10,ION30,APAC,Traditional Chinese,250,FSI_SITE_UNLOCK,SITE UNLOCKED,站台解鎖,站台解除 (Conf: 75.0%),WARN,Mismatch (Conf: 75.0%): Text misspelled or completely changed.,,Fail to detect,TRUE
2026-04-05 12:35:42,ION1,ENGLISH,English,251,FSI_LOST,OUT OF RANGE,OUT OF RANGE,OUT OF RANGE (Conf: 100.0%),PASS,,,,TRUE
2026-04-05 12:36:26,ION30,APAC,Traditional Chinese,252,FSI_DRAFTS_CLEAR,DRAFTS CLEARED,草稿 已清除,車輛 已靠港 (Conf: 33.3%),FAIL,Mismatch (Conf: 33.3%): Text misspelled or completely changed.,,Fail to detect,TRUE
2026-04-05 12:36:59,ION1,ENGLISH,English,253,FSI_DRAFTS_FULL,DRAFTS FULL,DRAFTS FULL,DRAFTS FULL (Conf: 100.0%),PASS,,,,TRUE
2026-04-05 12:37:07,ION30,APAC,Traditional Chinese,254,FSI_DRAFTS_SAVED,DRAFTS SAVED,儲存為草稿,儲存為草稿 (Conf: 100.0%),PASS,,,,TRUE
2026-04-05 12:37:40,ION1,ENGLISH,English,255,FSI_VOLUME_OFFSET_SELECTED,VOL OFFSET,VOL OFFSET,VOL OFFSET (Conf: 100.0%),PASS,,,,TRUE
2026-04-05 12:38:26,ION30,APAC,Traditional Chinese,256,FSI_TELEMETRY_RINGER_OFF,TELEMETRY RINGER OFF,遙測音關,違規音調 (Conf: 25.0%),FAIL,Mismatch (Conf: 25.0%): Text misspelled or completely changed.,,Fail to detect,TRUE
2026-04-05 12:39:35,ION1,ENGLISH,English,257,FSI_SELECTIVE_CALL_RINGER_OFF,SELECTIVE CALL RINGER OFF,SELECTIVE CALL RINGER OFF,TIVE CALL RINGI (Conf: 70.0%),WARN,Mismatch (Conf: 70.0%): Text misspelled or completely changed.,,Fail to detect,TRUE
2026-04-05 12:39:43,ION30,APAC,Traditional Chinese,258,FSI_INVALID_MODE,INVALID MODE,無效的模式,無效的模式 (Conf: 100.0%),PASS,,,,TRUE
2026-04-05 12:40:52,ION1,ENGLISH,English,259,FSI_QCII_ALERT_WITH_VOICE,ALERT W/ CALL,ALERT W/ CALL,ALERT W CALL (Conf: 96.0%),WARN,Mismatch (Conf: 96.0%): Text misspelled or completely changed.,,Fail to detect,TRUE
2026-04-05 12:41:00,ION30,APAC,Traditional Chinese,260,FSI_QCII_SELECTIVE_CALL,SEL CALL,選擇呼叫,選擇呼叫 (Conf: 100.0%),PASS,,,,TRUE
2026-04-05 12:41:33,ION1,ENGLISH,English,261,FSI_TX_INT_TXING,REMOTE DEKEY,REMOTE DEKEY,REMOTE DEKEY (Conf: 100.0%),PASS,,,,TRUE
2026-04-05 12:41:41,ION30,APAC,Traditional Chinese,262,FSI_TX_INT_SUCCESS,DEKEY SUCC,中斷成功,中斷成功 (Conf: 100.0%),PASS,,,,TRUE
2026-04-05 12:42:14,ION1,ENGLISH,English,263,FSI_TX_INT_FAILURE,DEKEY FAILED,DEKEY FAILED,DEKEY FAILED (Conf: 100.0%),PASS,,,,TRUE
2026-04-05 12:42:30,ION30,APAC,Traditional Chinese,264,FSI_CALL_TX_INT,CALL INTER,呼叫中斷,呼叫中斷 (Conf: 100.0%),PASS,,,,TRUE
2026-04-05 12:43:03,ION1,ENGLISH,English,265,FSI_CALL_ALERT_TONES,CALL ALERT,CALL ALERT,CALL ALERT (Conf: 100.0%),PASS,,,,TRUE
2026-04-05 12:43:48,ION30,APAC,Traditional Chinese,266,FSI_CALL_ALERT_TONES_ON,CALL ALERT RINGER ON,呼叫告警聲開,呼叫告警聲問 (Conf: 83.3%),WARN,Mismatch (Conf: 83.3%): Text misspelled or completely changed.,,Fail to detect,TRUE
2026-04-05 12:44:58,ION1,ENGLISH,English,267,FSI_CALL_ALERT_RINGER_OFF,CALL ALERT RINGER OFF,CALL ALERT RINGER OFF,CALL ALERT R... (Conf: 66.7%),FAIL,Mismatch (Conf: 66.7%): Text misspelled or completely changed.,,"truncated, Fail",TRUE
2026-04-05 12:45:06,ION30,APAC,Traditional Chinese,268,FSI_EMER_RX_CALL,EMERGENCY,緊急,緊急 (Conf: 100.0%),PASS,,,,TRUE
2026-04-05 12:46:16,ION1,ENGLISH,English,269,FSI_CALL_ALERT_SENT,CALL ALERT SENT,CALL ALERT SENT,CALL ALERT S... (Conf: 80.0%),WARN,Mismatch (Conf: 80.0%): Text misspelled or completely changed.,,"truncated, Fail",TRUE
2026-04-05 12:47:02,ION30,APAC,Traditional Chinese,271,FSI_LAST_ENTRY,LAST ENTRY,最後 條目,最後 佇目 (Conf: 80.0%),WARN,Mismatch (Conf: 80.0%): Text misspelled or completely changed.,,Fail to detect,TRUE
2026-04-05 12:47:34,ION1,ENGLISH,English,272,FSI_S5_STATUS,STATUS,STATUS,STATUS (Conf: 100.0%),PASS,,,,TRUE
2026-04-05 12:48:18,ION30,APAC,Traditional Chinese,273,FSI_TX_TELEGRAM,TX TELEGRAM,發送電報,政送電報 (Conf: 75.0%),WARN,Mismatch (Conf: 75.0%): Text misspelled or completely changed.,,Fail to detect,TRUE
2026-04-05 12:49:28,ION1,ENGLISH,English,274,FSI_LOCK_SITE,SITE LOCK,SITE LOCK,SITELOCK (Conf: 94.1%),WARN,Mismatch (Conf: 94.1%): Text misspelled or completely changed.,,Manage to detect specing,TRUE
2026-04-05 12:49:36,ION30,APAC,Traditional Chinese,275,FSI_STATUS,STATUS,狀態,狀態 (Conf: 100.0%),PASS,,,,TRUE
2026-04-05 12:50:07,ION1,ENGLISH,English,276,FSI_MESSAGE,MESSAGES,MESSAGES,MESSAGES (Conf: 100.0%),PASS,,,,TRUE
2026-04-05 12:50:14,ION30,APAC,Traditional Chinese,277,FSI_ACK_RCVD,ACK RECEIVED,收到確認,收到確認 (Conf: 100.0%),PASS,,,,TRUE
2026-04-05 12:50:49,ION1,ENGLISH,English,278,FSI_CALL_NO_ACK,NO ACK,NO ACK,NO ACK (Conf: 100.0%),PASS,,,,TRUE
2026-04-05 12:50:57,ION30,APAC,Traditional Chinese,279,FSI_STATUS_TITLE,STATUS,狀態,狀態 (Conf: 100.0%),PASS,,,,TRUE
2026-04-05 12:51:30,ION1,ENGLISH,English,280,FSI_PRIVATE_CALL_LINE2,PRIVATE CALL,PRIVATE CALL,PRIVATE CALL (Conf: 100.0%),PASS,,,,TRUE
2026-04-05 12:51:38,ION30,ENGLISH,English,281,FSI_SERIAL_NUMBER_VERTEX,VSN,VSN,VSN (Conf: 100.0%),PASS,,,,TRUE
2026-04-05 12:52:11,ION1,ENGLISH,English,282,FSI_SYSTEM_BUSY,SYSTEM BUSY,SYSTEM BUSY,SYSTEM BUSY (Conf: 100.0%),PASS,,,,TRUE
2026-04-05 12:52:26,ION30,APAC,Traditional Chinese,283,FSI_CHANNEL_DENIED,CH DENIED,頻道拒絕,頻道拒絕 (Conf: 100.0%),PASS,,,,TRUE
2026-04-05 12:53:00,ION1,ENGLISH,English,284,FSI_CHANNEL_INHIBITED,INHIBITED,INHIBITED,INHIBITED (Conf: 100.0%),PASS,,,,TRUE
2026-04-05 12:53:08,ION30,APAC,Traditional Chinese,285,FSI_CHANNEL_UNINHIBITED,UNINHIBITED,禁止解除,禁止解除 (Conf: 100.0%),PASS,,,,TRUE
2026-04-05 12:53:41,ION1,ENGLISH,English,286,FSI_NO_EMER_TWO_LINE,NO EMERGENCY,NO EMERGENCY,NO EMERGENCY (Conf: 100.0%),PASS,,,,TRUE
2026-04-05 12:53:47,ION30,APAC,Traditional Chinese,287,FSI_CALL_ENDED_ONE_LINE,CALL ENDED,呼叫結束,呼叫結束 (Conf: 100.0%),PASS,,,,TRUE
2026-04-05 12:54:21,ION1,ENGLISH,English,288,FSI_STATUS_UPDATE_IN_PROGRESS,STAT IN PROG,STAT IN PROG,STAT IN PROG (Conf: 100.0%),PASS,,,,TRUE
2026-04-05 12:54:29,ION30,APAC,Traditional Chinese,289,FSI_STATUS_UPDATE_SUCCESSFUL,STAT UPDATED,狀態更新成功,狀態更新成功 (Conf: 100.0%),PASS,,,,TRUE
2026-04-05 12:55:02,ION1,ENGLISH,English,290,FSI_STATUS_UPDATE_FAILED,STAT FAILED,STAT FAILED,STAT FAILED (Conf: 100.0%),PASS,,,,TRUE
2026-04-05 12:55:08,ION30,APAC,Traditional Chinese,291,FSI_SENDING_MESSAGE,MSG SENDING,信息發送中,信息發送中 (Conf: 100.0%),PASS,,,,TRUE
2026-04-05 12:55:41,ION1,ENGLISH,English,292,FSI_MSG_SENT_SUCCESSFUL,MSG SENT,MSG SENT,MSG SENT (Conf: 100.0%),PASS,,,,TRUE
2026-04-05 12:55:50,ION30,APAC,Traditional Chinese,293,FSI_MSG_SENT_FAILED,SENDING FAIL,發送失敗,發送失敗 (Conf: 100.0%),PASS,,,,TRUE
2026-04-05 12:56:24,ION1,ENGLISH,English,294,FSI_EDIT_TELEGRAM,TELEGRAM,TELEGRAM,TELEGRAM (Conf: 100.0%),PASS,,,,TRUE
2026-04-05 12:56:39,ION30,APAC,Traditional Chinese,295,FSI_EDIT_ADDRESS,ADDRESS,位址,位址 (Conf: 100.0%),PASS,,,,TRUE
2026-04-05 12:57:13,ION1,ENGLISH,English,296,FSI_STATU_SAVED,STATUS SAVED,STATUS SAVED,STATUS SAVED (Conf: 100.0%),PASS,,,,TRUE
2026-04-05 12:57:20,ION30,APAC,Traditional Chinese,297,FSI_STATUS_LIST_MD,STATUS,狀態,狀態 (Conf: 100.0%),PASS,,,,TRUE
2026-04-05 12:57:54,ION1,ENGLISH,English,298,FSI_CHANNEL_MD,CHANNEL,CHANNEL,CHANNEL (Conf: 100.0%),PASS,,,,TRUE
2026-04-05 12:58:00,ION30,APAC,Traditional Chinese,299,FSI_INVALID,INVALID,無效的,無效的 (Conf: 100.0%),PASS,,,,TRUE
2026-04-05 12:59:10,ION1,ENGLISH,English,300,FSI_STATUS_SET_AS_DEFAULT,STATUS SET AS DEFAULT,STATUS SET AS DEFAULT,STATUS SET A... (Conf: 66.7%),FAIL,Mismatch (Conf: 66.7%): Text misspelled or completely changed.,,"truncated, Fail",TRUE
2026-04-05 12:59:18,ION30,APAC,Traditional Chinese,301,FSI_GROUP_CALL,GROUP CALL,群呼,群呼 (Conf: 100.0%),PASS,,,,TRUE
2026-04-05 12:59:51,ION1,ENGLISH,English,302,FSI_DISPATCH_CALL,DISPATCH CALL,DISPATCH CALL,DISPATCH CALL (Conf: 100.0%),PASS,,,,TRUE
2026-04-05 13:00:39,ION30,APAC,Traditional Chinese,303,FSI_WHISPER_MODE_ON,MIC AGC ON,麥克風AGC開,麥克風 AGC開 (Conf: 93.3%),WARN,Mismatch (Conf: 93.3%): Text misspelled or completely changed.,,Manage to detect specing,TRUE
2026-04-05 13:01:11,ION1,ENGLISH,English,304,FSI_WHISPER_MODE_OFF,MIC AGC OFF,MIC AGC OFF,MIC AGC OFF (Conf: 100.0%),PASS,,,,TRUE
2026-04-05 13:01:18,ION30,APAC,Traditional Chinese,305,FSI_INTELLIGENT_AUDIO_ON,INT AUDIO ON,智慧音訊開啟,智慧音訊開啟 (Conf: 100.0%),PASS,,,,TRUE
2026-04-05 13:01:51,ION1,ENGLISH,English,306,FSI_INTELLIGENT_AUDIO_OFF,INT AUDIO OFF,INT AUDIO OFF,INT AUDIO OFF (Conf: 100.0%),PASS,,,,TRUE
2026-04-05 13:02:00,ION30,APAC,Traditional Chinese,307,FSI_INTELLIGENT_AUDIO_TITLE,INTELLIGENT AUDIO,智慧型聲音,智慧型聲音 (Conf: 100.0%),PASS,,,,TRUE
2026-04-05 13:02:33,ION1,ENGLISH,English,308,FSI_KEY_EMPTY,EMPTY,EMPTY,EMPTY (Conf: 100.0%),PASS,,,,TRUE
2026-04-05 13:03:01,ION30,APAC,Traditional Chinese,309,FSI_KEY_USED,KEY IN USE,KEY已被使用,KEY已被使用 (Conf: 100.0%),PASS,,,,TRUE
2026-04-05 13:03:33,ION1,ENGLISH,English,310,FSI_CALL_FORWARD_ON,CALL FWD ON,CALL FWD ON,CALL FWD ON (Conf: 100.0%),PASS,,,,TRUE
2026-04-05 13:03:54,ION30,APAC,Traditional Chinese,311,FSI_CALL_FORWARD_OFF,CALL FWD OFF,呼叫轉接關閉,呼叫轉接關閉 (Conf: 100.0%),PASS,,,,TRUE
2026-04-05 13:04:26,ION1,ENGLISH,English,312,FSI_CALL_FORWARD_TITLE,CALL FORWARD,CALL FORWARD,CALL FORWARD (Conf: 100.0%),PASS,,,,TRUE
2026-04-05 13:04:33,ION30,APAC,Traditional Chinese,313,FSI_LAST_FREE_CHAN_ALIAS,LAST FREE CH,上一個空頻道,上一個空頻道 (Conf: 100.0%),PASS,,,,TRUE
2026-04-05 13:05:05,ION1,ENGLISH,English,314,FSI_DAY_MODE_ON,DAY MODE,DAY MODE,DAY MODE (Conf: 100.0%),PASS,,,,TRUE
2026-04-05 13:05:11,ION30,APAC,Traditional Chinese,315,FSI_NIGHT_MODE_ON,NIGHT MODE,夜間模式,夜間模式 (Conf: 100.0%),PASS,,,,TRUE
2026-04-05 13:05:43,ION1,ENGLISH,English,316,FSI_POWERING_ON_BLUETOOTH,BT PWR ON,BT PWR ON,BT PWR ON (Conf: 100.0%),PASS,,,,TRUE
2026-04-05 13:06:05,ION30,APAC,Traditional Chinese,317,FSI_POWERING_OFF_BLUETOOTH,BT PWR OFF,關閉藍芽電源,關閉藍芽電源 (Conf: 100.0%),PASS,,,,TRUE
2026-04-05 13:06:38,ION1,ENGLISH,English,318,FSI_BLUETOOTH_ON,BT ON,BT ON,BT ON (Conf: 100.0%),PASS,,,,TRUE
2026-04-05 13:07:21,ION30,APAC,Traditional Chinese,319,FSI_BLUETOOTH_OFF,BT OFF,藍芽關閉,藍牙開啟 (Conf: 25.0%),FAIL,Mismatch (Conf: 25.0%): Text misspelled or completely changed.,,Fail to detect,TRUE
2026-04-05 13:08:32,ION1,ENGLISH,English,320,FSI_POWER_ON_FAILED,BT PWR FAIL,BT PWR FAIL,ST PWR FAIL (Conf: 90.9%),WARN,Mismatch (Conf: 90.9%): Text misspelled or completely changed.,,Fail to detect,TRUE
2026-04-05 13:09:17,ION30,APAC,Traditional Chinese,321,FSI_POWER_OFF_FAILED,BT PWR FAIL,關閉 藍芽失效,關閉 藍牙失效 (Conf: 85.7%),WARN,Mismatch (Conf: 85.7%): Text misspelled or completely changed.,,Fail to detect,TRUE
2026-04-05 13:10:29,ION1,ENGLISH,English,322,FSI_DEVICE_NAME_SAVED,DEVICE NAME SAVED,DEVICE NAME SAVED,NO_TEXT (Conf: 8.3%),FAIL,Mismatch (Conf: 8.3%): Text misspelled or completely changed.,,"truncated, Fail",TRUE
2026-04-05 13:10:44,ION30,APAC,Traditional Chinese,323,FSI_DEVICE_NAME_SAVE_FAILED,DEVICE NAME SAVE FAILED,裝置名稱錯誤,裝置名稱錯誤 (Conf: 100.0%),PASS,,,,TRUE
2026-04-05 13:11:26,ION1,ENGLISH,English,324,FSI_MY_NAME_SAVED,MY NAME SAVED,MY NAME SAVED,MY NAME SAVED (Conf: 100.0%),PASS,,,,TRUE
2026-04-05 13:11:34,ION30,APAC,Traditional Chinese,325,FSI_MY_NAME_SAVE_FAILED,MY NAME SAVE FAILED,我的名稱錯誤,我的名稱錯誤 (Conf: 100.0%),PASS,,,,TRUE
2026-04-05 13:12:08,ION1,ENGLISH,English,326,FSI_CONNECTING_TO,CONNECTING TO,CONNECTING TO,CONNECTING TO (Conf: 100.0%),PASS,,,,TRUE
2026-04-05 13:12:54,ION30,APAC,Traditional Chinese,327,FSI_CONNECT_DEVICE_FAILED,CNNECT FAIL,連接失敗,重接失敗 (Conf: 75.0%),WARN,Mismatch (Conf: 75.0%): Text misspelled or completely changed.,,Fail to detect,TRUE
2026-04-05 13:14:05,ION1,ENGLISH,English,328,FSI_DISCONNECT_DEVICE_FAILED,DISCNNECT FAIL,DISCNNECT FAIL,DISCONNECT F... (Conf: 75.9%),WARN,Mismatch (Conf: 75.9%): Text misspelled or completely changed.,,"truncated, Fail",TRUE
2026-04-05 13:14:50,ION30,APAC,Traditional Chinese,329,FSI_SWITCH_DEVICE_FAILED,SWTCHNG FAIL,切換 失敗,切換失敗 (Conf: 88.9%),WARN,Mismatch (Conf: 88.9%): Text misspelled or completely changed.,,Manage to detect specing,TRUE
2026-04-05 13:15:23,ION1,ENGLISH,English,330,FSI_ENTER_PIN,ENTER PIN,ENTER PIN,ENTER PIN (Conf: 100.0%),PASS,,,,TRUE
2026-04-05 13:15:31,ION30,APAC,Traditional Chinese,331,FSI_CONNECTED,CONNECTED,已連接,已連接 (Conf: 100.0%),PASS,,,,TRUE
2026-04-05 13:16:04,ION1,ENGLISH,English,332,FSI_DISCONNECTED,DISCONNECTED,DISCONNECTED,DISCONNECTED (Conf: 100.0%),PASS,,,,TRUE
2026-04-05 13:16:12,ION30,APAC,Traditional Chinese,333,FSI_DISCONNECTING_FROM,DISCNNECT,中斷連接中,中斷連接中 (Conf: 100.0%),PASS,,,,TRUE
2026-04-05 13:17:22,ION1,ENGLISH,English,334,FSI_DEVICE_DELETED,DEVICE DELETED,DEVICE DELETED,DEVICE DELET... (Conf: 82.8%),WARN,Mismatch (Conf: 82.8%): Text misspelled or completely changed.,,"truncated, Fail",TRUE
2026-04-05 13:17:30,ION30,APAC,Traditional Chinese,335,FSI_DELETING_FAILED,DELETING FAILED,刪除失效,刪除失效 (Conf: 100.0%),PASS,,,,TRUE
2026-04-05 13:18:41,ION1,ENGLISH,English,336,FSI_MY_NAME,MY NAME,MY NAME,BY NAME (Conf: 85.7%),WARN,Mismatch (Conf: 85.7%): Text misspelled or completely changed.,,Fail to detect,TRUE
2026-04-05 13:18:49,ION30,APAC,Traditional Chinese,337,FSI_SWITCHING_TO,SWITCHING TO,切換到,切換到 (Conf: 100.0%),PASS,,,,TRUE
2026-04-05 13:19:58,ION1,ENGLISH,English,338,FSI_CANCEL_CONNECTING,CANCEL CONNECTING,CANCEL CONNECTING,EL CONNECTING (Conf: 86.7%),WARN,Mismatch (Conf: 86.7%): Missing part of the expected text.,,"truncated, Fail",TRUE
2026-04-05 13:20:13,ION30,APAC,Traditional Chinese,339,FSI_CANCEL_SWITCHING,CANCEL SWITCHING,中止切換,中止切換 (Conf: 100.0%),PASS,,,,TRUE
2026-04-05 13:20:46,ION1,ENGLISH,English,340,FSI_ROUTE_AUDIO_TO_BLUETOOTH,AUDIO TO BT,AUDIO TO BT,AUDIO TO BT (Conf: 100.0%),PASS,,,,TRUE
2026-04-05 13:21:28,ION30,APAC,Traditional Chinese,341,FSI_ROUTE_AUDIO_TO_RADIO,AUDIO TO RAD,聲音連至話機,整 音 連 至 話 機 (Conf: 58.8%),FAIL,Mismatch (Conf: 58.8%): Text misspelled or completely changed.,,Fail to detect,TRUE
2026-04-05 13:22:02,ION1,ENGLISH,English,342,FSI_TYPE,TYPE,TYPE,TYPE (Conf: 100.0%),PASS,,,,TRUE
2026-04-05 13:22:08,ION30,APAC,Traditional Chinese,343,FSI_ADDRESS,ADDRESS,位址,位址 (Conf: 100.0%),PASS,,,,TRUE
2026-04-05 13:22:41,ION1,ENGLISH,English,344,FSI_BT_AUDIO_DEVICE,AUDIO DEVICE,AUDIO DEVICE,AUDIO DEVICE (Conf: 100.0%),PASS,,,,TRUE
2026-04-05 13:23:25,ION30,APAC,Traditional Chinese,345,FSI_BT_DATA_DEVICE,DATA DEVICE,資料裝置,管制駕駛 (Conf: 0.0%),FAIL,Mismatch (Conf: 0.0%): Text misspelled or completely changed.,,Fail to detect,TRUE
2026-04-05 13:23:59,ION1,ENGLISH,English,346,FSI_BT_PTT_POD_DEVICE,PTT POD,PTT POD,PTT POD (Conf: 100.0%),PASS,,,,TRUE
2026-04-05 13:24:07,ION30,APAC,Traditional Chinese,347,FSI_INPUT_PASSWORD,PASSWORD,密碼,密碼 (Conf: 100.0%),PASS,,,,TRUE
2026-04-05 13:24:39,ION1,ENGLISH,English,348,FSI_NEW_PASSWD,NEW,NEW,NEW (Conf: 100.0%),PASS,,,,TRUE
2026-04-05 13:24:55,ION30,APAC,Traditional Chinese,349,FSI_CURRENT_PASSWD,CURRENT,目前使用,目前使用 (Conf: 100.0%),PASS,,,,TRUE
2026-04-05 13:25:28,ION1,ENGLISH,English,350,FSI_CONFIRM_PASSWD,CONFIRM,CONFIRM,CONFIRM (Conf: 100.0%),PASS,,,,TRUE
2026-04-05 13:25:36,ION30,APAC,Traditional Chinese,351,FSI_RADIO_LOCKED,RADIO LOCKED,話機 已鎖定,話機 已鎖定 (Conf: 100.0%),PASS,,,,TRUE
2026-04-05 13:26:45,ION1,ENGLISH,English,352,FSI_PASSWD_ON,PASSWD LOCK ON,PASSWD LOCK ON,PASSND LOC... (Conf: 66.7%),FAIL,Mismatch (Conf: 66.7%): Text misspelled or completely changed.,,"truncated, Fail",TRUE
2026-04-05 13:27:30,ION30,APAC,Traditional Chinese,353,FSI_PASSWD_OFF,PASSWD LOCK OFF,密碼鎖關,密碼錯誤 (Conf: 50.0%),FAIL,Mismatch (Conf: 50.0%): Text misspelled or completely changed.,,Fail to detect,TRUE
2026-04-05 13:28:39,ION1,ENGLISH,English,354,FSI_PASSWD_CHANGED_SUCCESSFUL,PASSWORD CHANGED,PASSWORD CHANGED,PASSWORD C... (Conf: 69.0%),FAIL,Mismatch (Conf: 69.0%): Text misspelled or completely changed.,,"truncated, Fail",TRUE
2026-04-05 13:29:24,ION30,APAC,Traditional Chinese,355,FSI_4_DIGITS_REQUIRED,FOUR DIGITS REQUIRED,需要四位數,請要四位數 (Conf: 80.0%),WARN,Mismatch (Conf: 80.0%): Text misspelled or completely changed.,,Fail to detect,TRUE
2026-04-05 13:30:35,ION1,ENGLISH,English,356,FSI_2_PASSWDS_NOT_MATCH,PASSWORDS DO NOT MATCH,PASSWORDS DO NOT MATCH,RDS DO NOT MA (Conf: 74.3%),WARN,Mismatch (Conf: 74.3%): Missing part of the expected text.,,"truncated, Fail",TRUE
2026-04-05 13:30:43,ION30,APAC,Traditional Chinese,357,FSI_WRONG_PASSWD,WRONG PASSWORD,密碼錯誤,密碼錯誤 (Conf: 100.0%),PASS,,,,TRUE
2026-04-05 13:31:17,ION1,ENGLISH,English,358,FSI_ZONE_FULL,ZONE FULL,ZONE FULL,ZONE FULL (Conf: 100.0%),PASS,,,,TRUE
2026-04-05 13:31:42,ION30,APAC,Traditional Chinese,359,FSI_CHANNEL_FULL,CHANNEL FULL,頻道已滿,頻道已滿 (Conf: 100.0%),PASS,,,,TRUE
2026-04-05 13:32:15,ION1,ENGLISH,English,360,FSI_ALREADY_EXIST,ALREADY EXIST,ALREADY EXIST,ALREADY EXIST (Conf: 100.0%),PASS,,,,TRUE
2026-04-05 13:32:23,ION30,APAC,Traditional Chinese,361,FSI_NEW_ZONE_NAME,ZONE NAME,區域名稱,區域名稱 (Conf: 100.0%),PASS,,,,TRUE
2026-04-05 13:33:33,ION1,ENGLISH,English,362,FSI_MIC_AGC_TURN_OFF,MICROPHONE AGC OFF,MICROPHONE AGC OFF,RU PHONE AGC (Conf: 66.7%),FAIL,Mismatch (Conf: 66.7%): Text misspelled or completely changed.,,"truncated, Fail",TRUE
2026-04-05 13:34:20,ION30,APAC,Traditional Chinese,363,FSI_MIC_AGC_TURN_ON,MICROPHONE AGC ON,麥克風AGC開,麥克風 AGC關 (Conf: 80.0%),WARN,Mismatch (Conf: 80.0%): Text misspelled or completely changed.,,Fail to detect,TRUE
2026-04-05 13:34:54,ION1,ENGLISH,English,364,FSI_DPL_INVERT_TURN_ON,DPL INVERT ON,DPL INVERT ON,DPL INVERT ON (Conf: 100.0%),PASS,,,,TRUE
2026-04-05 13:35:41,ION30,ENGLISH,English,365,FSI_DPL_INVERT_TURN_OFF,DPL INVERT OFF,DPL INVERT OFF,NO_TEXT (Conf: 28.6%),FAIL,Mismatch (Conf: 28.6%): Text misspelled or completely changed.,,Fail to detect,TRUE
2026-04-05 13:36:14,ION1,ENGLISH,English,366,FSI_TOC_TURN_OFF,TOC OFF,TOC OFF,TOC OFF (Conf: 100.0%),PASS,,,,TRUE
2026-04-05 13:37:02,ION30,APAC,Traditional Chinese,367,FSI_TOC_TURN_ON,TOC ON,TOC開,TOC問 (Conf: 75.0%),WARN,Mismatch (Conf: 75.0%): Text misspelled or completely changed.,,Fail to detect,TRUE
2026-04-05 13:38:12,ION1,ENGLISH,English,368,FSI_PL_FOR_DATA_TURN_OFF,PL FOR DATA OFF,PL FOR DATA OFF,PL FOR DATA... (Conf: 75.9%),WARN,Mismatch (Conf: 75.9%): Text misspelled or completely changed.,,"truncated, Fail",TRUE
2026-04-05 13:38:57,ION30,ENGLISH,English,369,FSI_PL_FOR_DATA_TURN_ON,PL FOR DATA ON,PL FOR DATA ON,FL for Data (Conf: 80.0%),WARN,Mismatch (Conf: 80.0%): Text misspelled or completely changed.,,Fail to detect,TRUE
2026-04-05 13:39:31,ION1,ENGLISH,English,370,FSI_ARS_TURN_OFF,ARS OFF,ARS OFF,ARS OFF (Conf: 100.0%),PASS,,,,TRUE
2026-04-05 13:40:17,ION30,APAC,Traditional Chinese,371,FSI_ARS_TURN_ON,ARS ON,ARS開,AR3開 (Conf: 75.0%),WARN,Mismatch (Conf: 75.0%): Text misspelled or completely changed.,,Fail to detect,TRUE
2026-04-05 13:40:50,ION1,ENGLISH,English,372,FSI_DL_POR_BLIGHT,BACKLIGHT,BACKLIGHT,BACKLIGHT (Conf: 100.0%),PASS,,,,TRUE
2026-04-05 13:41:32,ION30,APAC,Traditional Chinese,373,FSI_DL_POR_BRIGHTNESS,BRITE LVL,背光,"Unsupported media type found. Ignoring non-image media. The image's resolution and lighting conditions make it difficult to extract the text accurately. The screen appears to have blocky, pixelated text and potentially icons. Unfortunately, I cannot extract the exact text from the image due to its quality and limited visibility. You may try providing a higher-quality image or manually verifying the contents for accuracy. (Conf: 0.0%)",FAIL,Mismatch (Conf: 0.0%): Text misspelled or completely changed.,,Fail to detect,TRUE
2026-04-05 13:42:06,ION1,ENGLISH,English,374,FSI_DL_POR_BT_AUDIO,BT AUD,BT AUD,BT AUD (Conf: 100.0%),PASS,,,,TRUE
2026-04-05 13:42:14,ION30,APAC,Traditional Chinese,375,FSI_DL_POR_CALL_FORWARD,CALL FD,轉接,轉接 (Conf: 100.0%),PASS,,,,TRUE
2026-04-05 13:42:47,ION1,ENGLISH,English,376,FSI_DL_POR_CONTACTS,CONTACT,CONTACT,CONTACT (Conf: 100.0%),PASS,,,,TRUE
2026-04-05 13:42:56,ION30,APAC,Traditional Chinese,377,FSI_DL_POR_DAY_NIGHT,DAY/NT,日/夜,日/夜 (Conf: 100.0%),PASS,,,,TRUE
2026-04-05 13:43:29,ION1,ENGLISH,English,378,FSI_DL_POR_EMER_ON,EMRG,EMRG,EMRG (Conf: 100.0%),PASS,,,,TRUE
2026-04-05 13:43:37,ION30,APAC,Traditional Chinese,379,FSI_DL_POR_EMER_OFF,EMRG,緊急,緊急 (Conf: 100.0%),PASS,,,,TRUE
2026-04-05 13:44:47,ION1,ENGLISH,English,380,FSI_DL_POR_HL_POWER,HI/LO,HI/LO,HI LO (Conf: 80.0%),WARN,Mismatch (Conf: 80.0%): Text misspelled or completely changed.,,Fail to detect,TRUE
2026-04-05 13:44:55,ION30,APAC,Traditional Chinese,381,FSI_DL_POR_MONITOR,MONITOR,監聽,監聽 (Conf: 100.0%),PASS,,,,TRUE
2026-04-05 13:45:28,ION1,ENGLISH,English,382,FSI_DL_POR_NUISANCE_DELETE,NUISDEL,NUISDEL,NUISDEL (Conf: 100.0%),PASS,,,,TRUE
2026-04-05 13:45:36,ION30,ENGLISH,English,383,FSI_DL_POR_PERMANENT_MON,P MON,P MON,P Mon (Conf: 100.0%),PASS,,,,TRUE
2026-04-05 13:46:16,ION1,ENGLISH,English,384,FSI_DL_POR_PRIVACY,PRIVACY,PRIVACY,PRIVACY (Conf: 100.0%),PASS,,,,TRUE
2026-04-05 13:46:24,ION30,APAC,Traditional Chinese,385,FSI_DL_POR_RADIO_CHECK,CHECK,檢查,檢查 (Conf: 100.0%),PASS,,,,TRUE
2026-04-05 13:46:57,ION1,ENGLISH,English,386,FSI_DL_POR_RADIO_DISABLE,DISABLE,DISABLE,DISABLE (Conf: 100.0%),PASS,,,,TRUE
2026-04-05 13:47:03,ION30,APAC,Traditional Chinese,387,FSI_DL_POR_RADIO_ENABLE,ENABLE,啟用,啟用 (Conf: 100.0%),PASS,,,,TRUE
2026-04-05 13:47:58,ION1,ENGLISH,English,388,FSI_DL_POR_REMOTE_MON,R MON,R MON,R MON (Conf: 100.0%),PASS,,,,TRUE
2026-04-05 13:48:41,ION30,ENGLISH,English,389,FSI_DL_POR_RPTA,RPTR/TA,RPTR/TA,8pir7TA (Conf: 42.9%),FAIL,Mismatch (Conf: 42.9%): Text misspelled or completely changed.,,Fail to detect,TRUE
2026-04-05 13:49:14,ION1,ENGLISH,English,390,FSI_DL_POR_STATUS,STATUS,STATUS,STATUS (Conf: 100.0%),PASS,,,,TRUE
2026-04-05 13:49:20,ION30,APAC,Traditional Chinese,391,FSI_DL_POR_SITE_LOCK,S-LOCK,鎖定,鎖定 (Conf: 100.0%),PASS,,,,TRUE
2026-04-05 13:50:22,ION1,ENGLISH,English,392,FSI_DL_POR_SQUELCH,SQLCH,SQLCH,SQLCH (Conf: 100.0%),PASS,,,got space?,TRUE
2026-04-05 13:50:30,ION30,ENGLISH,English,393,FSI_DL_POR_DKEY,DEKEY,DEKEY,Dekey (Conf: 100.0%),PASS,,,,TRUE
2026-04-05 13:51:03,ION1,ENGLISH,English,394,FSI_DL_POR_ZONE_SEL,ZONES,ZONES,ZONES (Conf: 100.0%),PASS,,,,TRUE
2026-04-05 13:51:09,ION30,APAC,Traditional Chinese,395,FSI_DL_POR_ZONE_TOGGLE,ZONE,區域,區域 (Conf: 100.0%),PASS,,,,TRUE
2026-04-05 13:51:43,ION1,ENGLISH,English,396,FSI_DL_POR_VA_PLAY_BACK,VOICE,VOICE,VOICE (Conf: 100.0%),PASS,,,,TRUE
2026-04-05 13:51:49,ION30,APAC,Traditional Chinese,397,FSI_DL_POR_INTELLIGENT_AUDIO,I-AUDIO,智能音,智能音 (Conf: 100.0%),PASS,,,,TRUE
2026-04-05 13:52:59,ION1,ENGLISH,English,398,FSI_DL_POR_ZONE_CH_VOICE,CH V/A,CH V/A,OLIVIA (Conf: 33.3%),FAIL,Mismatch (Conf: 33.3%): Text misspelled or completely changed.,,Fail to detect,TRUE
2026-04-05 13:53:07,ION30,APAC,Traditional Chinese,399,FSI_DL_TONE,TONE,音調,音調 (Conf: 100.0%),PASS,,,,TRUE
2026-04-05 13:53:40,ION1,ENGLISH,English,400,FSI_DL_BLIGHT,BRITE,BRITE,BRITE (Conf: 100.0%),PASS,,,,TRUE
2026-04-05 13:54:27,ION30,ENGLISH,English,401,FSI_DL_BT_AUDIO,BT-A,BT-A,BA (Conf: 66.7%),FAIL,Mismatch (Conf: 66.7%): Text misspelled or completely changed.,,Check original,TRUE
2026-04-05 13:55:07,ION1,ENGLISH,English,402,FSI_DL_CALL_ALERT,ALERT,ALERT,ALERT (Conf: 100.0%),PASS,,,,TRUE
2026-04-05 13:55:16,ION30,APAC,Traditional Chinese,403,FSI_DL_CALL_FORWARD,CALLF,轉接,轉接 (Conf: 100.0%),PASS,,,,TRUE
2026-04-05 13:55:58,ION1,ENGLISH,English,404,FSI_DL_CONTACTS,CTAC,CTAC,CTAC (Conf: 100.0%),PASS,,,,TRUE
2026-04-05 13:56:13,ION30,APAC,Traditional Chinese,405,FSI_DL_DAY_NIGHT,DAY,日,日 (Conf: 100.0%),PASS,,,,TRUE
2026-04-05 13:57:24,ION1,ENGLISH,English,406,FSI_DL_EMER_ON,EMRG,EMRG,EMBG (Conf: 75.0%),WARN,Mismatch (Conf: 75.0%): Text misspelled or completely changed.,,Fail to detect,TRUE
2026-04-05 13:57:33,ION30,APAC,Traditional Chinese,407,FSI_DL_EMER_OFF,EMRG,緊急,緊急 (Conf: 100.0%),PASS,,,,TRUE
2026-04-05 13:58:06,ION1,ENGLISH,English,408,FSI_DL_EX_PUBLIC_ADDR,PA-E,PA-E,PA-E (Conf: 100.0%),PASS,,,,TRUE
2026-04-05 13:58:14,ION30,APAC,Traditional Chinese,409,FSI_DL_HL_POWER,HI-LO,高低,高低 (Conf: 100.0%),PASS,,,,TRUE
2026-04-05 13:58:48,ION1,ENGLISH,English,410,FSI_DL_HORNLIGHTS,H/L,H/L,H/L (Conf: 100.0%),PASS,,,,TRUE
2026-04-05 13:59:33,ION30,APAC,Traditional Chinese,411,FSI_DL_IN_PUBLIC_ADDR,PA-I,內擴,肉倉 (Conf: 0.0%),FAIL,Mismatch (Conf: 0.0%): Text misspelled or completely changed.,,Fail to detect,TRUE
2026-04-05 14:00:06,ION1,ENGLISH,English,412,FSI_DL_KEYPAD_LOCK,LOCK,LOCK,LOCK (Conf: 100.0%),PASS,,,,TRUE
2026-04-05 14:00:12,ION30,APAC,Traditional Chinese,413,FSI_DL_MANUAL_DIAL,DIAL,單呼,單呼 (Conf: 100.0%),PASS,,,,TRUE
2026-04-05 14:00:47,ION1,ENGLISH,English,414,FSI_DL_SITE_ROAM,ROAM,ROAM,ROAM (Conf: 100.0%),PASS,,,,TRUE
2026-04-05 14:00:56,ION30,ENGLISH,English,415,FSI_DL_MIC_AGC,AGC,AGC,AGC (Conf: 100.0%),PASS,,,,TRUE
2026-04-05 14:02:07,ION1,ENGLISH,English,416,FSI_DL_MONITOR,MON,MON,RON (Conf: 66.7%),FAIL,Mismatch (Conf: 66.7%): Text misspelled or completely changed.,,Fail to detect,TRUE
2026-04-05 14:02:54,ION30,ENGLISH,English,417,FSI_DL_NUISANCE_DELETE,NUIS,NUIS,N415 (Conf: 25.0%),FAIL,Mismatch (Conf: 25.0%): Text misspelled or completely changed.,,Fail to detect,TRUE
2026-04-05 14:03:28,ION1,ENGLISH,English,418,FSI_DL_OTC1,OT-1,OT-1,OT-1 (Conf: 100.0%),PASS,,,,TRUE
2026-04-05 14:03:36,ION30,ENGLISH,English,419,FSI_DL_OTC2,OT-2,OT-2,OT-2 (Conf: 100.0%),PASS,,,,TRUE
2026-04-05 14:04:18,ION1,ENGLISH,English,420,FSI_DL_OTC3,OT-3,OT-3,OT-3 (Conf: 100.0%),PASS,,,,TRUE
2026-04-05 14:04:26,ION30,ENGLISH,English,421,FSI_DL_OTC4,OT-4,OT-4,OT-4 (Conf: 100.0%),PASS,,,,TRUE
2026-04-05 14:04:59,ION1,ENGLISH,English,422,FSI_DL_OTC5,OT-5,OT-5,OT-5 (Conf: 100.0%),PASS,,,,TRUE
2026-04-05 14:05:06,ION30,ENGLISH,English,423,FSI_DL_OTC6,OT-6,OT-6,OT-6 (Conf: 100.0%),PASS,,,,TRUE
2026-04-05 14:05:47,ION1,ENGLISH,English,424,FSI_DL_OB1,OB-1,OB-1,OB-1 (Conf: 100.0%),PASS,,,,TRUE
2026-04-05 14:05:55,ION30,ENGLISH,English,425,FSI_DL_OB2,OB-2,OB-2,OB-2 (Conf: 100.0%),PASS,,,,TRUE
2026-04-05 14:06:29,ION1,ENGLISH,English,426,FSI_DL_OB3,OB-3,OB-3,OB-3 (Conf: 100.0%),PASS,,,,TRUE
2026-04-05 14:06:35,ION30,ENGLISH,English,427,FSI_DL_OB4,OB-4,OB-4,OB-4 (Conf: 100.0%),PASS,,,,TRUE
2026-04-05 14:07:08,ION1,ENGLISH,English,428,FSI_DL_OB5,OB-5,OB-5,OB-5 (Conf: 100.0%),PASS,,,,TRUE
2026-04-05 14:07:16,ION30,ENGLISH,English,429,FSI_DL_OB6,OB-6,OB-6,OB-6 (Conf: 100.0%),PASS,,,,TRUE
2026-04-05 14:08:28,ION1,ENGLISH,English,430,FSI_DL_PERMANENT_MON,PMON,PMON,PHON (Conf: 75.0%),WARN,Mismatch (Conf: 75.0%): Text misspelled or completely changed.,,Fail to detect,TRUE
2026-04-05 14:08:52,ION30,ENGLISH,English,431,FSI_DL_PRIVACY,PRIV,PRIV,Priv (Conf: 100.0%),PASS,,,,TRUE
2026-04-05 14:09:26,ION1,ENGLISH,English,432,FSI_DL_RADIO_CHECK,CHCK,CHCK,CHCK (Conf: 100.0%),PASS,,,,TRUE
2026-04-05 14:10:08,ION30,ENGLISH,English,433,FSI_DL_RADIO_DISABLE,DISBL,DISBL,D i s b l (Conf: 71.4%),WARN,Mismatch (Conf: 71.4%): Text misspelled or completely changed.,,Manage to detect specing,TRUE
2026-04-05 14:10:42,ION1,ENGLISH,English,434,FSI_DL_RADIO_ENABLE,ENBL,ENBL,ENBL (Conf: 100.0%),PASS,,,,TRUE
2026-04-05 14:10:48,ION30,APAC,Traditional Chinese,435,FSI_DL_REMOTE_MON,RMON,監控,監控 (Conf: 100.0%),PASS,,,,TRUE
2026-04-05 14:11:21,ION1,ENGLISH,English,436,FSI_DL_RPTA,RP/T,RP/T,RP/T (Conf: 100.0%),PASS,,,,TRUE
2026-04-05 14:11:28,ION30,APAC,Traditional Chinese,437,FSI_DL_SCAN,SCAN,掃瞄,掃瞄 (Conf: 100.0%),PASS,,,,TRUE
2026-04-05 14:12:01,ION1,ENGLISH,English,438,FSI_DL_STATUS,STS,STS,STS (Conf: 100.0%),PASS,,,,TRUE
2026-04-05 14:12:46,ION30,APAC,Traditional Chinese,439,FSI_DL_SITE_LOCK,LK-S,鎖定,備定 (Conf: 50.0%),FAIL,Mismatch (Conf: 50.0%): Text misspelled or completely changed.,,Fail to detect,TRUE
2026-04-05 14:13:19,ION1,ENGLISH,English,440,FSI_DL_TELEMETRY_1,TE-1,TE-1,TE-1 (Conf: 100.0%),PASS,,,,TRUE
2026-04-05 14:13:27,ION30,ENGLISH,English,441,FSI_DL_TELEMETRY_2,TE-2,TE-2,Te-2 (Conf: 100.0%),PASS,,,,TRUE
2026-04-05 14:14:01,ION1,ENGLISH,English,442,FSI_DL_TELEMETRY_3,TE-3,TE-3,TE-3 (Conf: 100.0%),PASS,,,,TRUE
2026-04-05 14:14:15,ION30,APAC,Traditional Chinese,443,FSI_DL_TEXT_MESSAGE,TXT,文字,文字 (Conf: 100.0%),PASS,,,,TRUE
2026-04-05 14:15:04,ION1,ENGLISH,English,444,FSI_DL_SQUELCH,SQCH,SQCH,SQCH (Conf: 100.0%),PASS,,,,TRUE
2026-04-05 14:15:28,ION30,ENGLISH,English,445,FSI_DL_DKEY,DKEY,DKEY,Dkey (Conf: 100.0%),PASS,,,,TRUE
2026-04-05 14:16:39,ION1,APAC,Traditional Chinese,446,FSI_DL_UNASSIGNED,,,M13 (Conf: 0.0%),FAIL,Mismatch (Conf: 0.0%): Extra text detected: 'M13',,Remove this from batch file,FALSE
2026-04-05 14:16:47,ION30,ENGLISH,English,447,FSI_DL_VOX,VOX,VOX,VOX (Conf: 100.0%),PASS,,,,TRUE
2026-04-05 14:17:23,ION1,ENGLISH,English,448,FSI_DL_ZONE_SEL,ZN-S,ZN-S,ZN-S (Conf: 100.0%),PASS,,,,TRUE
2026-04-05 14:17:31,ION30,APAC,Traditional Chinese,449,FSI_DL_ZONE_TOGGLE,ZN-T,區域,區域 (Conf: 100.0%),PASS,,,,TRUE
2026-04-05 14:18:06,ION1,ENGLISH,English,450,FSI_DL_VA_PLAY_BACK,VA,VA,VA (Conf: 100.0%),PASS,,,,TRUE
2026-04-05 14:18:14,ION30,ENGLISH,English,451,FSI_DL_INTELLIGENT_AUDIO,IA,IA,IA (Conf: 100.0%),PASS,,,,TRUE
2026-04-05 14:19:25,ION1,ENGLISH,English,452,FSI_DL_CALL_LOG,CALLS,CALLS,A CALLS (Conf: 83.3%),WARN,Mismatch (Conf: 83.3%): Extra text detected: 'A',,Fail to detect,TRUE
2026-04-05 14:20:10,ION30,APAC,Traditional Chinese,453,FSI_DL_DISPLAY_ALIAS,ALIAS,名稱,名滿 (Conf: 50.0%),FAIL,Mismatch (Conf: 50.0%): Text misspelled or completely changed.,,Fail to detect,TRUE
2026-04-05 14:21:22,ION1,ENGLISH,English,454,FSI_DL_ZONE_CH_VOICE,CH-V,CH-V,CH7 (Conf: 57.1%),FAIL,Mismatch (Conf: 57.1%): Text misspelled or completely changed.,,Fail to detect,TRUE
2026-04-05 14:22:07,ION30,APAC,Traditional Chinese,455,FSI_DL_ZONE_CH_ADD,CH +,Ch +,"Unsupported media type found. Ignoring non-image media. The image is unclear and lacks sufficient visibility of the text to make an accurate extraction. Due to the low resolution and poor lighting, the text is not legible. If possible, please provide a clearer image or improve the lighting and resolution to assist with text extraction. (Conf: 0.0%)",FAIL,Mismatch (Conf: 0.0%): Text misspelled or completely changed.,,Fail to detect,TRUE
2026-04-05 14:22:40,ION1,ENGLISH,English,456,FSI_DL_ZONE_CH_DES,CH -,CH -,CH - (Conf: 100.0%),PASS,,,,TRUE
2026-04-05 14:22:47,ION30,ENGLISH,English,457,FSI_DL_GPS,GNSS,GNSS,GNSS (Conf: 100.0%),PASS,,,,TRUE
2026-04-05 14:23:57,ION1,ENGLISH,English,458,FSI_DL_BRIGHTNESS,BRITE,BRITE,BATE (Conf: 66.7%),FAIL,Mismatch (Conf: 66.7%): Text misspelled or completely changed.,,Fail to detect,TRUE
2026-04-05 14:24:45,ION30,APAC,Traditional Chinese,459,FSI_FL_DL_TONE,ALL TONE ON/OFF,警示音開/關,警示音開關 (Conf: 90.9%),WARN,Mismatch (Conf: 90.9%): Text misspelled or completely changed.,,Fail to detect,TRUE
2026-04-05 14:25:55,ION1,ENGLISH,English,460,FSI_FL_DL_POR_BLIGHT,BACKLIGHT ON/OFF,BACKLIGHT ON/OFF,BACKLIGHT O... (Conf: 73.3%),WARN,Mismatch (Conf: 73.3%): Text misspelled or completely changed.,,"truncated, Fail",TRUE
2026-04-05 14:26:04,ION30,APAC,Traditional Chinese,461,FSI_FL_BRIGHTNESS,BRIGHTNESS,亮度,亮度 (Conf: 100.0%),PASS,,,,TRUE
2026-04-05 14:27:14,ION1,ENGLISH,English,462,FSI_FL_BT_AUDIO,BT AUDIO SWITCH,BT AUDIO SWITCH,BT AUDIO SWI... (Conf: 80.0%),WARN,Mismatch (Conf: 80.0%): Text misspelled or completely changed.,,"truncated, Fail",TRUE
2026-04-05 14:27:22,ION30,APAC,Traditional Chinese,463,FSI_FL_CALL_ALERT,CALL ALERT,呼叫警示,呼叫警示 (Conf: 100.0%),PASS,,,,TRUE
2026-04-05 14:27:57,ION1,ENGLISH,English,464,FSI_FL_CALL_FORWARD,CALL FORWARD,CALL FORWARD,CALL FORWARD (Conf: 100.0%),PASS,,,,TRUE
2026-04-05 14:28:05,ION30,APAC,Traditional Chinese,465,FSI_FL_CH_VA,CH ANNOUNCE,頻道通知,頻道通知 (Conf: 100.0%),PASS,,,,TRUE
2026-04-05 14:28:39,ION1,ENGLISH,English,466,FSI_FL_CONTACTS,CONTACTS,CONTACTS,CONTACTS (Conf: 100.0%),PASS,,,,TRUE
2026-04-05 14:29:25,ION30,APAC,Traditional Chinese,467,FSI_FL_DAY_NIGHT,DAY/NIGHT MODE,日/夜間模式,白/夜間模式 (Conf: 83.3%),WARN,Mismatch (Conf: 83.3%): Text misspelled or completely changed.,,Fail to detect,TRUE
2026-04-05 14:30:00,ION1,ENGLISH,English,468,FSI_FL_EMER_ON,EMERGENCY ON,EMERGENCY ON,EMERGENCY ON (Conf: 100.0%),PASS,,,,TRUE
2026-04-05 14:30:48,ION30,APAC,Traditional Chinese,469,FSI_FL_EMER_OFF,EMERGENCY OFF,緊急功能關,緊急功能 (Conf: 88.9%),WARN,Mismatch (Conf: 88.9%): Missing part of the expected text.,,Fail to detect,TRUE
2026-04-05 14:31:22,ION1,ENGLISH,English,470,FSI_FL_EX_PA,EXTERNAL PA,EXTERNAL PA,EXTERNAL PA (Conf: 100.0%),PASS,,,,TRUE
2026-04-05 14:31:29,ION30,APAC,Traditional Chinese,471,FSI_FL_HL_POWER,HIGH/LOW POWER,高/低功率,高/低功率 (Conf: 100.0%),PASS,,,,TRUE
2026-04-05 14:32:03,ION1,ENGLISH,English,472,FSI_FL_HORN_LIGHT,HORN & LIGHTS,HORN & LIGHTS,HORN & LIGHTS (Conf: 100.0%),PASS,,,,TRUE
2026-04-05 14:32:49,ION30,APAC,Traditional Chinese,473,FSI_FL_INTELLIGENT_AUDIO,INTELLIGENT AUDIO,智慧型聲音,智慧型整音 (Conf: 80.0%),WARN,Mismatch (Conf: 80.0%): Text misspelled or completely changed.,,Fail to detect,TRUE
2026-04-05 14:33:23,ION1,ENGLISH,English,474,FSI_FL_KEYPAD_LOCK,KEYPAD LOCK,KEYPAD LOCK,KEYPAD LOCK (Conf: 100.0%),PASS,,,,TRUE
2026-04-05 14:34:11,ION30,APAC,Traditional Chinese,475,FSI_FL_MANUAL_DIAL,MANUAL DIAL,手動撥號,手動接聽 (Conf: 50.0%),FAIL,Mismatch (Conf: 50.0%): Text misspelled or completely changed.,,Fail to detect,TRUE
2026-04-05 14:35:20,ION1,ENGLISH,English,476,FSI_FL_MANUAL_SITE_ROAM,MNL SITE ROAM,MNL SITE ROAM,NO_TEXT (Conf: 30.0%),FAIL,Mismatch (Conf: 30.0%): Text misspelled or completely changed.,,Fail to detect,TRUE
2026-04-05 14:36:05,ION30,APAC,Traditional Chinese,477,FSI_FL_MIC_AGC,MIC. AGC ON/OFF,MicAGC開/關,MICAGC器閒 (Conf: 70.6%),WARN,Mismatch (Conf: 70.6%): Text misspelled or completely changed.,,Fail to detect,TRUE
2026-04-05 14:36:39,ION1,ENGLISH,English,478,FSI_FL_MONITOR,MONITOR,MONITOR,MONITOR (Conf: 100.0%),PASS,,,,TRUE
2026-04-05 14:37:26,ION30,APAC,Traditional Chinese,479,FSI_FL_NUISANCE_DELETE,NUISANCE DELETE,滋擾刪除,磁場削除 (Conf: 25.0%),FAIL,Mismatch (Conf: 25.0%): Text misspelled or completely changed.,,Fail to detect,TRUE
2026-04-05 14:38:36,ION1,ENGLISH,English,480,FSI_FL_OTC_1,ONE TOUCH BTN-1,ONE TOUCH BTN-1,ONE TOUCH B... (Conf: 75.9%),WARN,Mismatch (Conf: 75.9%): Text misspelled or completely changed.,,"truncated, Fail",TRUE
2026-04-05 14:39:22,ION30,APAC,Traditional Chinese,481,FSI_FL_OTC_2,ONE TOUCH BTN-2,快速呼叫2,台東呼叫12 (Conf: 54.5%),FAIL,Mismatch (Conf: 54.5%): Text misspelled or completely changed.,,Fail to detect,TRUE
2026-04-05 14:40:33,ION1,ENGLISH,English,482,FSI_FL_OTC_3,ONE TOUCH BTN-3,ONE TOUCH BTN-3,ONE TOUCH B... (Conf: 75.9%),WARN,Mismatch (Conf: 75.9%): Text misspelled or completely changed.,,"truncated, Fail",TRUE
2026-04-05 14:40:41,ION30,APAC,Traditional Chinese,483,FSI_FL_OTC_4,ONE TOUCH BTN-4,快速呼叫4,快速呼叫4 (Conf: 100.0%),PASS,,,,TRUE
2026-04-05 14:41:52,ION1,ENGLISH,English,484,FSI_FL_OTC_5,ONE TOUCH BTN-5,ONE TOUCH BTN-5,RE TOUCH BTN-5 (Conf: 89.7%),WARN,Mismatch (Conf: 89.7%): Text misspelled or completely changed.,,"truncated, Fail",TRUE
2026-04-05 14:42:36,ION30,APAC,Traditional Chinese,485,FSI_FL_OTC_6,ONE TOUCH BTN-6,快速呼叫6,快速呼叫8 (Conf: 80.0%),WARN,Mismatch (Conf: 80.0%): Text misspelled or completely changed.,,Fail to detect,TRUE
2026-04-05 14:43:24,ION1,ENGLISH,English,486,FSI_FL_OB_1,OPTION BOARD-1,OPTION BOARD-1,OPTION BOARD-1 (Conf: 100.0%),PASS,,,check actual,TRUE
2026-04-05 14:43:33,ION30,APAC,Traditional Chinese,487,FSI_FL_OB_2,OPTION BOARD-2,選配功能2,選配功能2 (Conf: 100.0%),PASS,,,,TRUE
2026-04-05 14:44:44,ION1,ENGLISH,English,488,FSI_FL_OB_3,OPTION BOARD-3,OPTION BOARD-3,OPTION BOAR... (Conf: 78.6%),WARN,Mismatch (Conf: 78.6%): Text misspelled or completely changed.,,"truncated, Fail",TRUE
2026-04-05 14:45:30,ION30,APAC,Traditional Chinese,489,FSI_FL_OB_4,OPTION BOARD-4,選配功能4,避碰功能 (Conf: 44.4%),FAIL,Mismatch (Conf: 44.4%): Text misspelled or completely changed.,,Fail to detect,TRUE
2026-04-05 14:46:40,ION1,ENGLISH,English,490,FSI_FL_OB_5,OPTION BOARD-5,OPTION BOARD-5,OPTION BOAR... (Conf: 78.6%),WARN,Mismatch (Conf: 78.6%): Text misspelled or completely changed.,,"truncated, Fail",TRUE
2026-04-05 14:47:26,ION30,APAC,Traditional Chinese,491,FSI_FL_OB_6,OPTION BOARD-6,選配功能6,進程功能 (Conf: 44.4%),FAIL,Mismatch (Conf: 44.4%): Text misspelled or completely changed.,,Fail to detect,TRUE
2026-04-05 14:48:00,ION1,ENGLISH,English,492,FSI_FL_PUBLIC_ADDRESS,PA ON/OFF,PA ON/OFF,PA ON/OFF (Conf: 100.0%),PASS,,,,TRUE
2026-04-05 14:48:08,ION30,APAC,Traditional Chinese,493,FSI_FL_PERMANENT_MONITOR,STICKY MONITOR,常駐監控,常駐監控 (Conf: 100.0%),PASS,,,,TRUE
2026-04-05 14:48:42,ION1,ENGLISH,English,494,FSI_FL_PRIVACY,PRIVACY ON/OFF,PRIVACY ON/OFF,PRIVACY ON/OFF (Conf: 100.0%),PASS,,,Check Actual,TRUE
2026-04-05 14:48:50,ION30,APAC,Traditional Chinese,495,FSI_FL_RADIO_CHECK,RADIO CHECK,話機檢查,話機檢查 (Conf: 100.0%),PASS,,,,TRUE
2026-04-05 14:49:24,ION1,ENGLISH,English,496,FSI_FL_RADIO_DISABLE,RADIO DISABLE,RADIO DISABLE,RADIO DISABLE (Conf: 100.0%),PASS,,,,TRUE
2026-04-05 14:50:08,ION30,APAC,Traditional Chinese,497,FSI_FL_RADIO_ENABLE,RADIO ENABLE,話機啟用,話 燃啟用 (Conf: 66.7%),FAIL,Mismatch (Conf: 66.7%): Text misspelled or completely changed.,,Fail to detect,TRUE
2026-04-05 14:50:42,ION1,ENGLISH,English,498,FSI_FL_REMOTE_MONITOR,REMOTE MONITOR,REMOTE MONITOR,REMOTE MONITOR (Conf: 100.0%),PASS,,,Check Actual,TRUE
2026-04-05 14:51:28,ION30,APAC,Traditional Chinese,499,FSI_FL_RPTA,RPTR/TALKAROUND,轉播/直通,轉播/道直 (Conf: 80.0%),WARN,Mismatch (Conf: 80.0%): Text misspelled or completely changed.,,Fail to detect,TRUE
2026-04-05 14:52:01,ION1,ENGLISH,English,500,FSI_FL_SCAN,SCAN ON/OFF,SCAN ON/OFF,SCAN ON/OFF (Conf: 100.0%),PASS,,,,TRUE
2026-04-05 14:52:09,ION30,APAC,Traditional Chinese,501,FSI_FL_SITE_LOCK,SITE LOCK,站台鎖定,站台鎖定 (Conf: 100.0%),PASS,,,,TRUE
2026-04-05 14:52:43,ION1,ENGLISH,English,502,FSI_FL_STATUS,STATUS,STATUS,STATUS (Conf: 100.0%),PASS,,,,TRUE
2026-04-05 14:53:27,ION30,APAC,Traditional Chinese,503,FSI_FL_TELEMETRY_1,TELEMETRY-1,遙測1,逾時 (Conf: 0.0%),FAIL,Mismatch (Conf: 0.0%): Text misspelled or completely changed.,,Fail to detect,TRUE
2026-04-05 14:54:01,ION1,ENGLISH,English,504,FSI_FL_TELEMETRY_2,TELEMETRY-2,TELEMETRY-2,TELEMETRY-2 (Conf: 100.0%),PASS,,,,TRUE
2026-04-05 14:54:46,ION30,APAC,Traditional Chinese,505,FSI_FL_TELEMETRY_3,TELEMETRY-3,遙測3,NO_TEXT (Conf: 0.0%),FAIL,Mismatch (Conf: 0.0%): Text misspelled or completely changed.,,Fail to detect,TRUE
2026-04-05 14:55:20,ION1,ENGLISH,English,506,FSI_FL_TEXT_MESSAGE,MESSAGES,MESSAGES,MESSAGES (Conf: 100.0%),PASS,,,,TRUE
2026-04-05 14:56:04,ION30,APAC,Traditional Chinese,507,FSI_FL_SQUELCH,SQUELCH TOGGLE,靜噪選擇,請選選擇 (Conf: 50.0%),FAIL,Mismatch (Conf: 50.0%): Text misspelled or completely changed.,,Fail to detect,TRUE
2026-04-05 14:56:37,ION1,ENGLISH,English,508,FSI_FL_REMOTE_DEKEY,REMOTE DEKEY,REMOTE DEKEY,REMOTE DEKEY (Conf: 100.0%),PASS,,,,TRUE
2026-04-05 14:56:45,ION30,APAC,Traditional Chinese,509,FSI_FL_UNASSIGNED,UNASSIGNED,未指定,未指定 (Conf: 100.0%),PASS,,,,TRUE
2026-04-05 14:57:18,ION1,ENGLISH,English,510,FSI_FL_VOX,VOX ON/OFF,VOX ON/OFF,VOX ON/OFF (Conf: 100.0%),PASS,,,,TRUE
2026-04-05 14:58:02,ION30,APAC,Traditional Chinese,511,FSI_FL_ZONE_SEL,ZONE SELECTION,區域選擇,區 選 擇 1 (Conf: 54.5%),FAIL,Mismatch (Conf: 54.5%): Text misspelled or completely changed.,,Fail to detect,TRUE
2026-04-05 14:58:36,ION1,ENGLISH,English,512,FSI_FL_VA,VOICE ANNOUNCE,VOICE ANNOUNCE,VOICE ANNOUNCE (Conf: 100.0%),PASS,,,Check Actual,TRUE
2026-04-05 14:58:44,ION30,APAC,Traditional Chinese,513,FSI_FL_CALL_LOG,CALL LOG,呼叫記錄,呼叫記錄 (Conf: 100.0%),PASS,,,,TRUE
2026-04-05 14:59:18,ION1,ENGLISH,English,514,FSI_FL_DISPLAY_ALIAS,DISPLAY NAME,DISPLAY NAME,DISPLAY NAME (Conf: 100.0%),PASS,,,,TRUE
2026-04-05 14:59:27,ION30,APAC,Traditional Chinese,515,FSI_FL_CH_UP,CHANNEL UP,上一頻道,上一頻道 (Conf: 100.0%),PASS,,,,TRUE
2026-04-05 15:00:02,ION1,ENGLISH,English,516,FSI_FL_CH_DOWN,CHANNEL DOWN,CHANNEL DOWN,CHANNEL DOWN (Conf: 100.0%),PASS,,,,TRUE
2026-04-05 15:00:10,ION30,APAC,Traditional Chinese,517,FSI_FL_GPS,GNSS ON/OFF,GNSS 開/關,GNSS 開/關 (Conf: 100.0%),PASS,,,,TRUE
2026-04-05 15:01:22,ION1,ENGLISH,English,518,FSI_MY_NUMBER_CHANGED,# CHANGED,# CHANGED,CHANGED (Conf: 87.5%),WARN,Mismatch (Conf: 87.5%): Missing part of the expected text.,,Fail to detect,TRUE
2026-04-05 15:01:30,ION30,APAC,Traditional Chinese,519,FSI_ALARM_SENT,ALARM SENT,告警已發送,告警已發送 (Conf: 100.0%),PASS,,,,TRUE
2026-04-05 15:02:04,ION1,ENGLISH,English,520,FSI_ALARM_SENT_DUAL_LINE,ALARM SENT,ALARM SENT,ALARM SENT (Conf: 100.0%),PASS,,,,TRUE
2026-04-05 15:02:14,ION30,APAC,Traditional Chinese,521,FSI_ALARM_FAILED,ALARM FAILED,告警發送失敗,告警發送失敗 (Conf: 100.0%),PASS,,,,TRUE
2026-04-05 15:02:48,ION1,ENGLISH,English,522,FSI_ALARM_FAILED_DUAL_LINE,ALARM FAILED,ALARM FAILED,ALARM FAILED (Conf: 100.0%),PASS,,,,TRUE
2026-04-05 15:02:56,ION30,APAC,Traditional Chinese,523,FSI_GPS_ON,GNSS ON,GNSS 開,GNSS 開 (Conf: 100.0%),PASS,,,,TRUE
2026-04-05 15:03:31,ION1,ENGLISH,English,524,FSI_GPS_OFF,GNSS OFF,GNSS OFF,GNSS OFF (Conf: 100.0%),PASS,,,,TRUE
2026-04-05 15:03:47,ION30,APAC,Traditional Chinese,525,FSI_ALERT_AND_CALL,ALERT & CALL,警示與呼叫,警示與呼叫 (Conf: 100.0%),PASS,,,,TRUE
2026-04-05 15:04:20,ION1,ENGLISH,English,526,FSI_PKEY_NOTICE_TITLE,HOLD KEY FOR:,HOLD KEY FOR:,HOLD KEY FOR: (Conf: 100.0%),PASS,,,,TRUE
2026-04-05 15:04:27,ION30,APAC,Traditional Chinese,527,FSI_RADIO_CHECK,RADIO CHECK,話機檢查,話機檢查 (Conf: 100.0%),PASS,,,,TRUE
2026-04-05 15:05:00,ION1,ENGLISH,English,528,FSI_BELIZE_TMS,TXT,TXT,TXT (Conf: 100.0%),PASS,,,,TRUE
2026-04-05 15:05:06,ION30,APAC,Traditional Chinese,529,FSI_5S_SELECTED,5S SELECTED,5秒選定,5秒選定 (Conf: 100.0%),PASS,,,,TRUE
2026-04-05 15:06:16,ION1,ENGLISH,English,530,FSI_10S_SELECTED,10S SELECTED,10S SELECTED,IDS SELECTED (Conf: 83.3%),WARN,Mismatch (Conf: 83.3%): Text misspelled or completely changed.,,Fail to detect,TRUE
2026-04-05 15:06:25,ION30,APAC,Traditional Chinese,531,FSI_15S_SELECTED,15S SELECTED,15秒選定,15秒選定 (Conf: 100.0%),PASS,,,,TRUE
2026-04-05 15:07:37,ION1,ENGLISH,English,532,FSI_20S_SELECTED,20S SELECTED,20S SELECTED,205 SELECTED (Conf: 91.7%),WARN,Mismatch (Conf: 91.7%): Text misspelled or completely changed.,,Fail to detect,TRUE
2026-04-05 15:08:24,ION30,APAC,Traditional Chinese,533,FSI_25S_SELECTED,25S SELECTED,25秒選定,25 秒選定 (Conf: 90.9%),WARN,Mismatch (Conf: 90.9%): Text misspelled or completely changed.,,Manage to detect specing,TRUE
2026-04-05 15:09:34,ION1,ENGLISH,English,534,FSI_30S_SELECTED,30S SELECTED,30S SELECTED,305 SELECTED (Conf: 91.7%),WARN,Mismatch (Conf: 91.7%): Text misspelled or completely changed.,,Fail to detect,TRUE
2026-04-05 15:09:43,ION30,APAC,Traditional Chinese,535,FSI_60S_SELECTED,60S SELECTED,60秒選定,60秒選定 (Conf: 100.0%),PASS,,,,TRUE
2026-04-05 15:10:54,ION1,ENGLISH,English,536,FSI_120S_SELECTED,120S SELECTED,120S SELECTED,12 25 SELECTED (Conf: 81.5%),WARN,Mismatch (Conf: 81.5%): Text misspelled or completely changed.,,Fail to detect,TRUE
2026-04-05 15:11:03,ION30,APAC,Traditional Chinese,537,FSI_SILENT,SILENT,靜音,靜音 (Conf: 100.0%),PASS,,,,TRUE
2026-04-05 15:11:37,ION1,ENGLISH,English,538,FSI_VIBRATE,VIBRATE,VIBRATE,VIBRATE (Conf: 100.0%),PASS,,,,TRUE
2026-04-05 15:12:25,ION30,APAC,Traditional Chinese,539,FSI_VIBRATE_RING,RING & VIBRATE,響鈴與振動,警告與振動 (Conf: 60.0%),FAIL,Mismatch (Conf: 60.0%): Text misspelled or completely changed.,,Fail to detect,TRUE
2026-04-05 15:12:57,ION1,ENGLISH,English,540,FSI_RING,RING,RING,RING (Conf: 100.0%),PASS,,,,TRUE
2026-04-05 15:13:04,ION30,APAC,Traditional Chinese,541,FSI_ERROR_CHARGER,INVALID CHARGER,無效 充電器,無效 充電器 (Conf: 100.0%),PASS,,,,TRUE
2026-04-05 15:14:16,ION1,ENGLISH,English,542,FSI_ERROR_BATTERY,INVALID BATTERY,INVALID BATTERY,INVALID BATT... (Conf: 80.0%),WARN,Mismatch (Conf: 80.0%): Text misspelled or completely changed.,,"truncated, Fail",TRUE
2026-04-05 15:15:04,ION30,APAC,Traditional Chinese,543,FSI_ERROR_CHARGER_BATTERY,INVALID BATTERY & CHARGER,無效電池 與充電器,無效電池 (Conf: 61.5%),FAIL,Mismatch (Conf: 61.5%): Missing part of the expected text.,,Fail to detect,TRUE
2026-04-05 15:16:16,ION1,ENGLISH,English,544,FSI_COVERT_MODE_ON,COVERT MODE ON,COVERT MODE ON,COVERT MOD... (Conf: 74.1%),WARN,Mismatch (Conf: 74.1%): Text misspelled or completely changed.,,"truncated, Fail",TRUE
2026-04-05 15:17:03,ION30,APAC,Traditional Chinese,545,FSI_COVERT_MODE_OFF,COVERT MODE OFF,隱蔽模式關,隨機模式試驗 (Conf: 36.4%),FAIL,Mismatch (Conf: 36.4%): Text misspelled or completely changed.,,Fail to detect,TRUE
2026-04-05 15:17:38,ION1,ENGLISH,English,546,FSI_DL_ACTIONS,ACTIONS,ACTIONS,ACTIONS (Conf: 100.0%),PASS,,,,TRUE
2026-04-05 15:17:46,ION30,APAC,Traditional Chinese,547,FSI_FL_ACTIONS,ACTIONS,功能,功能 (Conf: 100.0%),PASS,,,,TRUE
2026-04-05 15:18:20,ION1,ENGLISH,English,548,FSI_FL_JOB_TICKETS,JOB TICKETS,JOB TICKETS,JOB TICKETS (Conf: 100.0%),PASS,,,,TRUE
2026-04-05 15:18:28,ION30,APAC,Traditional Chinese,549,FSI_JOB_TICKETS_ALL,ALL,全部,全部 (Conf: 100.0%),PASS,,,,TRUE
2026-04-05 15:19:36,ION1,ENGLISH,English,550,FSI_JOB_TICKETS_NEW,NEW,NEW,KEW (Conf: 66.7%),FAIL,Mismatch (Conf: 66.7%): Text misspelled or completely changed.,,Fail to detect,TRUE
2026-04-05 15:20:21,ION30,APAC,Traditional Chinese,551,FSI_JOB_TICKETS_REPLY_GUIDE_1,PRESS,按,"Unsupported media type found. Ignoring non-image media. The image is unclear and does not contain discernible text. Due to the low resolution and poor lighting conditions, I cannot extract any readable text from the screen. If possible, please provide a clearer image for analysis. (Conf: 0.0%)",FAIL,Mismatch (Conf: 0.0%): Text misspelled or completely changed.,,Fail to detect,TRUE
2026-04-05 15:21:31,ION1,ENGLISH,English,552,FSI_JOB_TICKETS_REPLY_GUIDE_2,FOR REPLY OPTIONS,FOR REPLY OPTIONS,NO_TEXT (Conf: 25.0%),FAIL,Mismatch (Conf: 25.0%): Text misspelled or completely changed.,,"truncated, Fail",TRUE
2026-04-05 15:22:16,ION30,APAC,Traditional Chinese,553,FSI_JOB_TICKETS_REPLY_GUIDE_3,OR,或,低 (Conf: 0.0%),FAIL,Mismatch (Conf: 0.0%): Text misspelled or completely changed.,,Fail to detect,TRUE
2026-04-05 15:22:57,ION1,ENGLISH,English,554,FSI_JOB_TICKETS_REPLY_GUIDE_4,TO QUICK REPLY,TO QUICK REPLY,TO QUICK REPLY (Conf: 100.0%),PASS,,,,TRUE
2026-04-05 15:23:05,ION30,APAC,Traditional Chinese,555,FSI_SAFETY_SCREEN_TEXT_1,DO NOT HOLD NEAR EAR. SEE USER GUIDE FOR PROPER USE.,勿靠近耳朵,勿靠近耳朵 (Conf: 100.0%),PASS,,,,TRUE
2026-04-05 15:24:16,ION1,ENGLISH,English,556,FSI_SAFETY_SCREEN_TEXT_2,WEAR IN APPROVED CARRY HOLDER.,WEAR IN APPROVED CARRY HOLDER.,CARRY HOLDEN (Conf: 52.4%),FAIL,Mismatch (Conf: 52.4%): Text misspelled or completely changed.,,"truncated, Fail",TRUE
2026-04-05 15:25:00,ION30,APAC,Traditional Chinese,557,FSI_VIEW_EDIT,VIEW/EDIT,查看/編輯,NO_TEXT (Conf: 0.0%),FAIL,Mismatch (Conf: 0.0%): Text misspelled or completely changed.,,Fail to detect,TRUE
2026-04-05 15:25:34,ION1,ENGLISH,English,558,FSI_NEW_CONTACT,NEW CONTACT,NEW CONTACT,NEW CONTACT (Conf: 100.0%),PASS,,,,TRUE
2026-04-05 15:26:18,ION30,APAC,Traditional Chinese,559,FSI_FL_OPTION_BOARD,OPTION BOARD,功能板,功能表 (Conf: 66.7%),FAIL,Mismatch (Conf: 66.7%): Text misspelled or completely changed.,,Fail to detect,TRUE
2026-04-05 15:27:26,ION1,ENGLISH,English,560,FSI_PHOTOSENSOR_TEST,PHOTOSENSOR TEST MODE,PHOTOSENSOR TEST MODE,OSENSOR TEST (Conf: 72.7%),WARN,Mismatch (Conf: 72.7%): Missing part of the expected text.,,"truncated, Fail",TRUE
2026-04-05 15:28:12,ION30,APAC,Traditional Chinese,561,FSI_PHOTOSENSOR_LIGHT_TEST_TITLE,STEP 1,步驟1,步驟 (Conf: 80.0%),WARN,Mismatch (Conf: 80.0%): Missing part of the expected text.,,Fail to detect,TRUE
2026-04-05 15:29:23,ION1,ENGLISH,English,562,FSI_PHOTOSENSOR_DARK_TEST_TITLE,STEP 2,STEP 2,STEP2 (Conf: 90.9%),WARN,Mismatch (Conf: 90.9%): Text misspelled or completely changed.,,Manage to detect specing,TRUE
2026-04-05 15:29:39,ION30,APAC,Traditional Chinese,563,FSI_PHOTOSENSOR_LIGHT_TEST_ACTION,PLACE RADIO IN LIGHT,話機置放燈下,話機置放燈下 (Conf: 100.0%),PASS,,,,TRUE
2026-04-05 15:30:50,ION1,ENGLISH,English,564,FSI_PHOTOSENSOR_DARK_TEST_ACTION,COVER PHOTOSENSOR,COVER PHOTOSENSOR,NO_TEXT (Conf: 25.0%),FAIL,Mismatch (Conf: 25.0%): Text misspelled or completely changed.,,"truncated, Fail",TRUE
2026-04-05 15:31:35,ION30,APAC,Traditional Chinese,565,FSI_PHOTOSENSOR_TEST_OK_PRESS,PRESS OK,按OK,1 修OK (Conf: 50.0%),FAIL,Mismatch (Conf: 50.0%): Text misspelled or completely changed.,,Fail to detect,TRUE
2026-04-05 15:32:47,ION1,ENGLISH,English,566,FSI_PHOTOSENSOR_BOTH_FAILED,PHOTOSENSOR TEST BOTH STEPS FAILED,PHOTOSENSOR TEST BOTH STEPS FAILED,PHOTOSENSO... (Conf: 42.6%),FAIL,Mismatch (Conf: 42.6%): Text misspelled or completely changed.,,"truncated, Fail",TRUE
2026-04-05 15:33:33,ION30,APAC,Traditional Chinese,567,FSI_PHOTOSENSOR_LIGHT_FAILED,PHOTOSENSOR TEST STEP 1 FAILED,光感應器測試 步驟一測試失敗,光感器錯 (Conf: 33.3%),FAIL,Mismatch (Conf: 33.3%): Text misspelled or completely changed.,,"truncated, Fail",TRUE
2026-04-05 15:34:43,ION1,ENGLISH,English,568,FSI_PHOTOSENSOR_DARK_FAILED,PHOTOSENSOR TEST STEP 2 FAILED,PHOTOSENSOR TEST STEP 2 FAILED,PHOTOSENSO... (Conf: 46.5%),FAIL,Mismatch (Conf: 46.5%): Text misspelled or completely changed.,,"truncated, Fail",TRUE
2026-04-05 15:35:29,ION30,APAC,Traditional Chinese,569,FSI_PHOTOSENSOR_PASS,PHOTOSENSOR TEST PASSED,光感應器 測試通過,光感應器 測 (Conf: 80.0%),WARN,Mismatch (Conf: 80.0%): Missing part of the expected text.,,"truncated, Fail",TRUE
2026-04-05 15:36:40,ION1,ENGLISH,English,570,FSI_ACCELEROMETER_TEST,ACCELEROMETER TEST MODE,ACCELEROMETER TEST MODE,ACCELEROME... (Conf: 55.6%),FAIL,Mismatch (Conf: 55.6%): Text misspelled or completely changed.,,"truncated, Fail",TRUE
2026-04-05 15:37:26,ION30,APAC,Traditional Chinese,571,FSI_ACCELEROMETER_FAILED,ACCELEROMETER TEST FAILED,加速度計 測試失敗,加重度計 - 測定 (Conf: 55.6%),FAIL,Mismatch (Conf: 55.6%): Text misspelled or completely changed.,,"truncated, Fail",TRUE
2026-04-05 15:38:36,ION1,ENGLISH,English,572,FSI_ACCELEROMETER_PASS,ACCELEROMETER TEST PASSED,ACCELEROMETER TEST PASSED,ACCELEROMETER (Conf: 68.4%),FAIL,Mismatch (Conf: 68.4%): Missing part of the expected text.,,"truncated, Fail",TRUE
2026-04-05 15:39:20,ION30,APAC,Traditional Chinese,573,FSI_VIBRATOR_TEST,VIBRATOR TEST MODE,振動器 測試模式,振動器 測試 (Conf: 85.7%),WARN,Mismatch (Conf: 85.7%): Missing part of the expected text.,,"truncated, Fail",TRUE
2026-04-05 15:39:53,ION1,ENGLISH,English,574,FSI_KEYPAD_UNLOCK_HELP_3_1,PRESS,PRESS,PRESS (Conf: 100.0%),PASS,,,,TRUE
2026-04-05 15:40:36,ION30,APAC,Traditional Chinese,575,FSI_KEYPAD_UNLOCK_HELP_3_2,THEN,然後,宏後 (Conf: 50.0%),FAIL,Mismatch (Conf: 50.0%): Text misspelled or completely changed.,,Fail to detect,TRUE
2026-04-05 15:41:10,ION1,ENGLISH,English,576,FSI_KEYPAD_UNLOCK_HELP_3_3,TO UNLOCK,TO UNLOCK,TO UNLOCK (Conf: 100.0%),PASS,,,,TRUE
2026-04-05 15:41:19,ION30,APAC,Traditional Chinese,577,FSI_NOTIFICATIONS,NOTIFICATIONS,通知,通知 (Conf: 100.0%),PASS,,,,TRUE
2026-04-05 15:41:53,ION1,ENGLISH,English,578,FSI_PENDING,PENDING,PENDING,PENDING (Conf: 100.0%),PASS,,,,TRUE
2026-04-05 15:42:16,ION30,APAC,Simplified Chinese,579,FSI_FL_ALERT_TYPE,RING ALERT TYPE,铃声类型,铃声类型 (Conf: 100.0%),PASS,,,Double check actual,TRUE
2026-04-05 15:42:50,ION1,ENGLISH,English,580,FSI_DL_ALERT_TYPE,RING TYPE,RING TYPE,RING TYPE (Conf: 100.0%),PASS,,,,TRUE
2026-04-05 15:42:57,ION30,APAC,Traditional Chinese,581,FSI_FL_DL_MESSAGES,MESSAGES,信息,信息 (Conf: 100.0%),PASS,,,,TRUE
2026-04-05 15:44:06,ION1,ENGLISH,English,582,FSI_FL_DL_ALL_TONES_ON_OFF,ALL TONES ON/OFF,ALL TONES ON/OFF,ALL TONES O... (Conf: 73.3%),WARN,Mismatch (Conf: 73.3%): Text misspelled or completely changed.,,"truncated, Fail",TRUE
2026-04-05 15:44:51,ION30,APAC,Traditional Chinese,583,FSI_ALL_MEMBERS_ADDED,ALL MEMBERS ADDED,所有成員 已加入,所有成員 已 (Conf: 85.7%),WARN,Mismatch (Conf: 85.7%): Missing part of the expected text.,,Fail to detect,TRUE
2026-04-05 15:45:25,ION1,ENGLISH,English,584,FSI_DISCOVERABLE,FINDING ME,FINDING ME,FINDING ME (Conf: 100.0%),PASS,,,,TRUE
2026-04-05 15:45:32,ION30,APAC,Traditional Chinese,585,FSI_PAIRING,BT PAIRING,藍芽配對,藍芽配對 (Conf: 100.0%),PASS,,,,TRUE
2026-04-05 15:46:43,ION1,ENGLISH,English,586,FSI_PAIRING_CANCEL,CANCEL PAIRING,CANCEL PAIRING,CANCEL PAIR... (Conf: 78.6%),WARN,Mismatch (Conf: 78.6%): Text misspelled or completely changed.,,"truncated, Fail",TRUE
2026-04-05 15:46:52,ION30,APAC,Traditional Chinese,587,FSI_PAIR_COMPLETE,BT PAIRED,配檔完成,配檔完成 (Conf: 100.0%),PASS,,,,TRUE
2026-04-05 15:47:26,ION1,ENGLISH,English,588,FSI_PAIR_FAILED,PAIRING FAILED,PAIRING FAILED,PAIRING FAILED (Conf: 100.0%),PASS,,,,TRUE
2026-04-05 15:47:35,ION30,APAC,Traditional Chinese,589,FSI_BT_PAN_DEVICE,PAN DEVICE,PAN 裝置,PAN 裝置 (Conf: 100.0%),PASS,,,,TRUE
2026-04-05 15:48:46,ION1,ENGLISH,English,590,FSI_3RDPARTY_CONN_MODE_GENERIC_SELECTED,GENERIC SELECTED,GENERIC SELECTED,GENERIC SEL... (Conf: 73.3%),WARN,Mismatch (Conf: 73.3%): Text misspelled or completely changed.,,"truncated, Fail",TRUE
2026-04-05 15:49:32,ION30,APAC,Traditional Chinese,591,FSI_3RDPARTY_CONN_MODE_GENERIC,GENERIC,通稱,通福 (Conf: 50.0%),FAIL,Mismatch (Conf: 50.0%): Text misspelled or completely changed.,,Fail to detect,TRUE
2026-04-05 15:50:06,ION1,ENGLISH,English,592,FSI_POWERUP_TONES,PWR UP TONE,PWR UP TONE,PWR UP TONE (Conf: 100.0%),PASS,,,,TRUE
2026-04-05 15:50:15,ION30,APAC,Traditional Chinese,593,FSI_POWERUP_TONES_OFF,POWER UP TONE DISABLE,開機音關閉,開機音關閉 (Conf: 100.0%),PASS,,,,TRUE
2026-04-05 15:51:25,ION1,ENGLISH,English,594,FSI_POWERUP_TONES_ON,POWER UP TONE ENABLE,POWER UP TONE ENABLE,UP TONE ENABLI (Conf: 76.5%),WARN,Mismatch (Conf: 76.5%): Text misspelled or completely changed.,,"truncated, Fail",TRUE
2026-04-05 15:51:33,ION30,APAC,Traditional Chinese,595,FSI_ARTS_IN_RANGE,IN RANGE,涵蓋區內,涵蓋區內 (Conf: 100.0%),PASS,,,,TRUE
2026-04-05 15:52:09,ION1,ENGLISH,English,596,FSI_OTAP_UPDATE_SUCCESS,SW UPDATED,SW UPDATED,SW UPDATED (Conf: 100.0%),PASS,,,,TRUE
2026-04-05 15:52:55,ION30,APAC,Traditional Chinese,597,FSI_OTAP_UPDATE_FAIL,SW UPD FAIL,軟體更新 失敗,軟體更新失敗 (Conf: 92.3%),WARN,Mismatch (Conf: 92.3%): Text misspelled or completely changed.,,Fail to detect,TRUE
2026-04-05 15:53:36,ION1,ENGLISH,English,598,FSI_SW_UPDATE_RESTART,UPD RESTART,UPD RESTART,UPD RESTART (Conf: 100.0%),PASS,,,,TRUE
2026-04-05 15:53:44,ION30,APAC,Traditional Chinese,599,FSI_DL_BALI_SITE_ALIAS,SITE,基站,基站 (Conf: 100.0%),PASS,,,,TRUE
2026-04-05 15:54:55,ION1,ENGLISH,English,600,FSI_FL_SITE_ALIAS,SITE ALIAS,SITE ALIAS,NO_TEXT (Conf: 23.5%),FAIL,Mismatch (Conf: 23.5%): Text misspelled or completely changed.,,Fail to detect,TRUE
2026-04-05 15:55:04,ION30,APAC,Traditional Chinese,601,FSI_SITE_ID,SITE ID,站台編號,站台編號 (Conf: 100.0%),PASS,,,,TRUE
2026-04-05 15:55:38,ION1,ENGLISH,English,602,FSI_SITE_INFO,SITE INFO,SITE INFO,SITE INFO (Conf: 100.0%),PASS,,,,TRUE
2026-04-05 15:55:47,ION30,APAC,Traditional Chinese,603,FSI_PHONE_SETUP_FAIL,PHONE CALL FAILED,通話失敗,通話失敗 (Conf: 100.0%),PASS,,,,TRUE
2026-04-05 15:57:01,ION1,ENGLISH,English,604,FSI_OK_TO_DIAL,PRESS OK TO PLACE CALL,PRESS OK TO PLACE CALL,PRESS OK TO... (Conf: 61.1%),FAIL,Mismatch (Conf: 61.1%): Text misspelled or completely changed.,,"truncated, Fail",TRUE
2026-04-05 15:57:10,ION30,APAC,Traditional Chinese,605,FSI_PHONE_UNAVAILABLE,PHONE CALL NOT AVAILABLE,通話不允許,通話不允許 (Conf: 100.0%),PASS,,,,TRUE
2026-04-05 15:57:45,ION1,ENGLISH,English,606,FSI_NUMBER,NUMBER,NUMBER,NUMBER (Conf: 100.0%),PASS,,,,TRUE
2026-04-05 15:58:30,ION30,APAC,Traditional Chinese,607,FSI_ACCESS_CODE,ACCESS CODE:,存取碼:,存取碼 (Conf: 85.7%),WARN,Mismatch (Conf: 85.7%): Missing part of the expected text.,,Double check original,TRUE
2026-04-05 15:59:04,ION1,ENGLISH,English,608,FSI_OVERDIAL,EXTRA DIGITS:,EXTRA DIGITS:,EXTRA DIGITS: (Conf: 100.0%),PASS,,,,TRUE
2026-04-05 15:59:49,ION30,APAC,Traditional Chinese,609,FSI_DEACCESS_CODE,DE-ACCESS CODE:,拒絕存取碼:,拒絕存郵碼 (Conf: 72.7%),WARN,Mismatch (Conf: 72.7%): Text misspelled or completely changed.,,Double check original,TRUE
2026-04-05 16:00:23,ION1,ENGLISH,English,610,FSI_PHONE_CALL,PHONE CALL,PHONE CALL,PHONE CALL (Conf: 100.0%),PASS,,,,TRUE
2026-04-05 16:00:31,ION30,APAC,Traditional Chinese,611,FSI_PHONE_CALL_END,PHONE CALL ENDED,通話結束,通話結束 (Conf: 100.0%),PASS,,,,TRUE
2026-04-05 16:01:42,ION1,ENGLISH,English,612,FSI_PHONE_CALL_ENDING,ENDING PHONE CALL...,ENDING PHONE CALL...,ENDING PHONE (Conf: 75.0%),WARN,Mismatch (Conf: 75.0%): Missing part of the expected text.,,"truncated, Fail",TRUE
2026-04-05 16:02:28,ION30,APAC,Traditional Chinese,613,FSI_INVALID_PHONE_NUMBER,INVALID PHONE NUMBER,號碼無效,駐碼無效 (Conf: 75.0%),WARN,Mismatch (Conf: 75.0%): Text misspelled or completely changed.,,Fail to detect,TRUE
2026-04-05 16:03:03,ION1,ENGLISH,English,614,FSI_NAME,NAME,NAME,NAME (Conf: 100.0%),PASS,,,,TRUE
2026-04-05 16:03:10,ION30,APAC,Traditional Chinese,615,FSI_DL_POR_PHONE_MANUL_DIAL,PH #,外線,外線 (Conf: 100.0%),PASS,,,,TRUE
2026-04-05 16:03:44,ION1,ENGLISH,English,616,FSI_DL_MOB_PHONE_MANUL_DIAL,PH #,PH #,PH # (Conf: 100.0%),PASS,,,,TRUE
2026-04-05 16:04:30,ION30,APAC,Traditional Chinese,617,FSI_FL_PHONE_MANUL_DIAL,PHONE DIAL,撥號,操作 (Conf: 0.0%),FAIL,Mismatch (Conf: 0.0%): Text misspelled or completely changed.,,Fail to detect,TRUE
2026-04-05 16:05:11,ION1,ENGLISH,English,618,FSI_DL_PHONE_CALL,PH,PH,PH (Conf: 100.0%),PASS,,,,TRUE
2026-04-05 16:05:20,ION30,APAC,Traditional Chinese,619,FSI_DL_POR_PHONE_CALL,PHONE,電話,電話 (Conf: 100.0%),PASS,,,,TRUE
2026-04-05 16:05:53,ION1,ENGLISH,English,620,FSI_FL_PHONE_CALL,PHONE CALL,PHONE CALL,PHONE CALL (Conf: 100.0%),PASS,,,,TRUE
2026-04-05 16:06:38,ION30,APAC,Traditional Chinese,621,FSI_PHONE_CALL_XXX,PHONE CALL...,電話...,電話 (Conf: 57.1%),FAIL,Mismatch (Conf: 57.1%): Missing part of the expected text.,,Fail to detect,TRUE
2026-04-05 16:07:48,ION1,ENGLISH,English,622,FSI_GSF_TXT_MSG_TONE_MOMENTARY,TXT MSG TONE MOMENTARY,TXT MSG TONE MOMENTARY,TXT MSG TON... (Conf: 61.1%),FAIL,Mismatch (Conf: 61.1%): Text misspelled or completely changed.,,"truncated, Fail",TRUE
2026-04-05 16:07:57,ION30,APAC,Traditional Chinese,623,FSI_GSF_TXT_MSG_TONE_REPETITIVE,TXT MSG TONE REPETITIVE,重覆通知,重覆通知 (Conf: 100.0%),PASS,,,,TRUE
2026-04-05 16:08:31,ION1,ENGLISH,English,624,FSI_FL_NOTIFICATIONS,NOTIFICATIONS,NOTIFICATIONS,NOTIFICATIONS (Conf: 100.0%),PASS,,,,TRUE
2026-04-05 16:09:15,ION30,APAC,Traditional Chinese,625,FSI_DL_POR_NOTIFICATIONS,NOTIF'S,通知,通 知 (Conf: 80.0%),WARN,Mismatch (Conf: 80.0%): Text misspelled or completely changed.,,Manage to detect specing,TRUE
2026-04-05 16:09:49,ION1,ENGLISH,English,626,FSI_DL_NOTIFICATIONS,NOTIF,NOTIF,NOTIF (Conf: 100.0%),PASS,,,,TRUE
2026-04-05 16:10:10,ION30,APAC,Traditional Chinese,627,FSI_ALPHA_NO_ENTRY_FOUND,NO ENTRIES FOUND,未搜尋到,未搜尋到 (Conf: 100.0%),PASS,,,,TRUE
2026-04-05 16:11:20,ION1,ENGLISH,English,628,FSI_MANDOWN_OFF,FALL ALRT OFF,FALL ALRT OFF,FALL ALERT OFF (Conf: 96.3%),WARN,Mismatch (Conf: 96.3%): Text misspelled or completely changed.,,Fail to detect,TRUE
2026-04-05 16:11:29,ION30,APAC,Traditional Chinese,629,FSI_MANDOWN_ON,FALL ALERT ON,倒地警示開啟,倒地警示開啟 (Conf: 100.0%),PASS,,,,TRUE
2026-04-05 16:12:03,ION1,ENGLISH,English,630,FSI_DL_MANDOWN,FALL ALERT,FALL ALERT,FALL ALERT (Conf: 100.0%),PASS,,,,TRUE
2026-04-05 16:12:49,ION30,APAC,Traditional Chinese,631,FSI_FL_MANDOWN,FALL ALERT,人員倒下,人員何下 (Conf: 75.0%),WARN,Mismatch (Conf: 75.0%): Text misspelled or completely changed.,,Fail to detect,TRUE
2026-04-05 16:13:23,ION1,ENGLISH,English,632,FSI_SEARCHING,SEARCHING...,SEARCHING...,SEARCHING... (Conf: 100.0%),PASS,,,,TRUE
2026-04-05 16:14:10,ION30,APAC,Traditional Chinese,633,FSI_VIEW_EDIT_BRACKET,(VIEW/EDIT),(檢視/編輯),海視保護 (Conf: 18.2%),FAIL,Mismatch (Conf: 18.2%): Text misspelled or completely changed.,,Fail to detect,TRUE
2026-04-05 16:14:44,ION1,ENGLISH,English,634,FSI_EDIT_NAME_5T_STATUS_ENTRY,NAME,NAME,NAME (Conf: 100.0%),PASS,,,,TRUE
2026-04-05 16:14:53,ION30,APAC,Traditional Chinese,636,FSI_RING_REP,REPETITIVE,反覆的,反覆的 (Conf: 100.0%),PASS,,,,TRUE
2026-04-05 16:15:27,ION1,ENGLISH,English,637,FSI_DYNAMIC_DISTORTION_CONTROL_ON,DIS CTRL ON,DIS CTRL ON,DIS CTRL ON (Conf: 100.0%),PASS,,,,TRUE
2026-04-05 16:16:14,ION30,APAC,Traditional Chinese,638,FSI_DYNAMIC_DISTORTION_CONTROL_OFF,DIS CTRL OFF,失真控制關閉,失 直控制閒閒 (Conf: 46.2%),FAIL,Mismatch (Conf: 46.2%): Text misspelled or completely changed.,,Fail to detect,TRUE
2026-04-05 16:16:48,ION1,ENGLISH,English,639,FSI_DL_MIC_DISTORTION,MIC DIST.,MIC DIST.,MIC DIST. (Conf: 100.0%),PASS,,,,TRUE
2026-04-05 16:17:09,ION30,APAC,Traditional Chinese,640,FSI_FL_MIC_DISTORTION,MIC DISTORTION,麥克風失真,麥克風失真 (Conf: 100.0%),PASS,,,,TRUE
2026-04-05 16:17:43,ION1,ENGLISH,English,641,FSI_HS_SELECT_ENABLE,AF SUPR ON,AF SUPR ON,AF SUPR ON (Conf: 100.0%),PASS,,,,TRUE
2026-04-05 16:18:30,ION30,APAC,Traditional Chinese,642,FSI_HS_SELECT_DISALBE,AF SUPR OFF,AF 抑制器關閉,AF 柳電器限公司 (Conf: 47.1%),FAIL,Mismatch (Conf: 47.1%): Text misspelled or completely changed.,,Fail to detect,TRUE
2026-04-05 16:19:41,ION1,ENGLISH,English,643,FSI_HS_SELECT_TITLE,AF SUPPRESSOR,AF SUPPRESSOR,NO_TEXT (Conf: 10.0%),FAIL,Mismatch (Conf: 10.0%): Text misspelled or completely changed.,,"truncated, Fail",TRUE
2026-04-05 16:20:30,ION30,APAC,Traditional Chinese,644,FSI_DL_POR_HS_SELECT,AF SUP.,AF 抑制,全抑制 (Conf: 50.0%),FAIL,Mismatch (Conf: 50.0%): Text misspelled or completely changed.,,Fail to detect,TRUE
2026-04-05 16:21:38,ION1,APAC,Traditional Chinese,645,FSI_DL_HS_SELECT,AF,AF,Unsupported media type found. Ignoring non-image media. The image is too dark and unclear to accurately extract text from the screen. Could you provide a brighter or higher-resolution image for better analysis? (Conf: 0.9%),FAIL,Mismatch (Conf: 0.9%): Text misspelled or completely changed.,,Fail to detect,TRUE
2026-04-05 16:21:54,ION30,APAC,Traditional Chinese,646,FSI_FL_HS_SELECT,AF SUPPRESSOR,AF 抑制器,AF 抑制器 (Conf: 100.0%),PASS,,,,TRUE
2026-04-05 16:22:29,ION1,ENGLISH,English,647,FSI_DL_MALTA_NOTIFICATION,NOTIFICATION,NOTIFICATION,NOTIFICATION (Conf: 100.0%),PASS,,,,TRUE
2026-04-05 16:23:15,ION30,APAC,Traditional Chinese,648,FSI_AVS_ON,SCRAMBLE ON,變碼 開啟,聲馬開啟 (Conf: 44.4%),FAIL,Mismatch (Conf: 44.4%): Text misspelled or completely changed.,,Fail to detect,TRUE
2026-04-05 16:23:48,ION1,ENGLISH,English,649,FSI_AVS_OFF,SCRAMBLE OFF,SCRAMBLE OFF,SCRAMBLE OFF (Conf: 100.0%),PASS,,,,TRUE
2026-04-05 16:24:34,ION30,APAC,Traditional Chinese,650,FSI_AVS_CODE_3_29,3.29 KHZ SEL,3.29 KHZ 選定,3.29 KHZ 調定 (Conf: 90.9%),WARN,Mismatch (Conf: 90.9%): Text misspelled or completely changed.,,Fail to detect,TRUE
2026-04-05 16:25:08,ION1,ENGLISH,English,651,FSI_AVS_CODE_3_39,3.39 KHZ SEL,3.39 KHZ SEL,3.39 KHZ SEL (Conf: 100.0%),PASS,,,,TRUE
2026-04-05 16:25:54,ION30,ENGLISH,English,652,FSI_DL_VOL_ADD,VOL +,VOL +,Vol + (Conf: 100.0%),PASS,,,,TRUE
2026-04-05 16:26:28,ION1,ENGLISH,English,653,FSI_DL_VOL_DES,VOL -,VOL -,VOL - (Conf: 100.0%),PASS,,,,TRUE
2026-04-05 16:26:35,ION30,APAC,Traditional Chinese,654,FSI_FL_VOL_UP,VOLUME UP,音量提高,音量提高 (Conf: 100.0%),PASS,,,,TRUE
2026-04-05 16:27:09,ION1,ENGLISH,English,655,FSI_FL_VOL_DOWN,VOLUME DOWN,VOLUME DOWN,VOLUME DOWN (Conf: 100.0%),PASS,,,,TRUE
2026-04-05 16:27:30,ION30,APAC,Traditional Chinese,656,FSI_PARA_JOB_TICKETS_ALL,ALL,全部,全部 (Conf: 100.0%),PASS,,,,TRUE
2026-04-05 16:28:05,ION1,ENGLISH,English,657,FSI_PARA_JOB_TICKETS_NEW,NEW,NEW,NEW (Conf: 100.0%),PASS,,,,TRUE
2026-04-05 16:28:14,ION30,APAC,Traditional Chinese,658,FSI_PARA_JOB_TICKETS_REPLY_GUIDE_2,FOR OPTIONS,可供選擇,可供選擇 (Conf: 100.0%),PASS,,,,TRUE
2026-04-05 16:28:48,ION1,ENGLISH,English,659,FSI_AES_PRIVACY_ON,PRIVACY ON,PRIVACY ON,PRIVACY ON (Conf: 100.0%),PASS,,,,TRUE
2026-04-05 16:28:56,ION30,APAC,Traditional Chinese,660,FSI_AES_PRIVACY_OFF,PRIVACY OFF,私密關閉,私密關閉 (Conf: 100.0%),PASS,,,,TRUE
2026-04-05 16:29:29,ION1,ENGLISH,English,661,FSI_FLEXIBLE_RX_LIST_ON,FLX RX ON,FLX RX ON,FLX RX ON (Conf: 100.0%),PASS,,,,TRUE
2026-04-05 16:30:15,ION30,APAC,Traditional Chinese,662,FSI_FLEXIBLE_RX_LIST_OFF,FLX RX OFF,彈性 RX 關閉,強生RX 開關 (Conf: 53.3%),FAIL,Mismatch (Conf: 53.3%): Text misspelled or completely changed.,,Fail to detect,TRUE
2026-04-05 16:30:51,ION1,ENGLISH,English,663,FSI_DL_FLEXIBLE_RX_LIST,RXLS,RXLS,RXLS (Conf: 100.0%),PASS,,,,TRUE
2026-04-05 16:31:38,ION30,APAC,Traditional Chinese,664,FSI_DL_BELIZE_FLEXIBLE_RX_LIST,RXLIST,Rx列表,日列表 (Conf: 57.1%),FAIL,Mismatch (Conf: 57.1%): Text misspelled or completely changed.,,Fail to detect,TRUE
2026-04-05 16:32:49,ION1,ENGLISH,English,665,FSI_FL_FLEXIBLE_RX_LIST,FLEXIBLE RX LIST,FLEXIBLE RX LIST,FLEXIBLE RX LIS (Conf: 96.8%),WARN,Mismatch (Conf: 96.8%): Missing part of the expected text.,,"truncated, Fail",TRUE
2026-04-05 16:33:35,ION30,APAC,Traditional Chinese,666,FSI_LOG_IN_FAILED,SIGN IN FAILED,登入 失敗,登入失敗 (Conf: 88.9%),WARN,Mismatch (Conf: 88.9%): Text misspelled or completely changed.,,Manage to detect specing,TRUE
2026-04-05 16:34:09,ION1,ENGLISH,English,667,FSI_LOG_IN_SUCCESSFUL,SIGNED IN,SIGNED IN,SIGNED IN (Conf: 100.0%),PASS,,,,TRUE
2026-04-05 16:34:53,ION30,APAC,Traditional Chinese,668,FSI_LOG_IN_IN_PROGRESS,IN PROGRESS,登入 進行中...,登入 進行中 (Conf: 80.0%),WARN,Mismatch (Conf: 80.0%): Missing part of the expected text.,,Double check original,TRUE
2026-04-05 16:35:27,ION1,ENGLISH,English,669,FSI_LOG_IN_INVALID_USER_ID,INVALID ID,INVALID ID,INVALID ID (Conf: 100.0%),PASS,,,,TRUE
2026-04-05 16:36:12,ION30,APAC,Traditional Chinese,670,FSI_LOG_IN_NACK_TIMEOUT,NO ACK,驗證 逾時,駕駛 通時 (Conf: 40.0%),FAIL,Mismatch (Conf: 40.0%): Text misspelled or completely changed.,,Fail to detect,TRUE
2026-04-05 16:36:46,ION1,ENGLISH,English,671,FSI_LOG_OUT_FAILED,SIGN OUT FAIL,SIGN OUT FAIL,SIGN OUT FAIL (Conf: 100.0%),PASS,,,,TRUE
2026-04-05 16:36:54,ION30,APAC,Traditional Chinese,672,FSI_LOG_OUT_SUCCESSFUL,SIGNED OUT,登出 成功,登出 成功 (Conf: 100.0%),PASS,,,,TRUE
2026-04-05 16:37:27,ION1,ENGLISH,English,673,FSI_LOG_OUT_IN_PROGRESS,IN PROGRESS,IN PROGRESS,IN PROGRESS (Conf: 100.0%),PASS,,,,TRUE
2026-04-05 16:37:34,ION30,APAC,Traditional Chinese,674,FSI_LOG_IN_NOT_LOGGED_IN,NOT SIGNED-IN,尚未登入,尚未登入 (Conf: 100.0%),PASS,,,,TRUE
2026-04-05 16:38:09,ION1,ENGLISH,English,675,FSI_LOG_IN_ID,SIGN IN ID,SIGN IN ID,SIGN IN ID (Conf: 100.0%),PASS,,,,TRUE
2026-04-05 16:38:56,ION30,APAC,Traditional Chinese,676,FSI_JT_EXCEED_MAX_LENGTH,TICKET EXCEED MAX LENGTH,票證超過 長度上限,重 超 過 長 容 (Conf: 44.4%),FAIL,Mismatch (Conf: 44.4%): Text misspelled or completely changed.,,Fail to detect,TRUE
2026-04-05 16:39:29,ION1,ENGLISH,English,677,FSI_JOB_TICKETS_CREATE,CREATE TICKET,CREATE TICKET,CREATE TICKET (Conf: 100.0%),PASS,,,,TRUE
2026-04-05 16:39:36,ION30,APAC,Traditional Chinese,678,FSI_BATTERY_TYPE_ITHIUM_CHEMISTRY,LI-ION BATTERY SELECTED,鋰電池 已選取,鋰電池 已選取 (Conf: 100.0%),PASS,,,,TRUE
2026-04-05 16:40:46,ION1,ENGLISH,English,679,FSI_BATTERY_TYPE_NIMH_CHEMISTRY,NIMH BATTERY SELECTED,NIMH BATTERY SELECTED,BATTERY SELECT (Conf: 80.0%),WARN,Mismatch (Conf: 80.0%): Missing part of the expected text.,,"truncated, Fail",TRUE
2026-04-05 16:40:55,ION30,APAC,Traditional Chinese,680,FSI_UNLOCK_GUIDE_THEN,THEN,然後,然後 (Conf: 100.0%),PASS,,,,TRUE
2026-04-05 16:41:36,ION1,ENGLISH,English,681,FSI_UNLOCK_GUIDE_TO_UNLOCK,TO UNLOCK,TO UNLOCK,TO UNLOCK (Conf: 100.0%),PASS,,,,TRUE
2026-04-05 16:41:45,ION30,ENGLISH,English,682,FSI_TONGA_ALL_CALL,ALL,ALL,ALL (Conf: 100.0%),PASS,,,,TRUE
2026-04-05 16:42:18,ION1,ENGLISH,English,683,FSI_TONGA_PRIVATE_CALL,PRVT,PRVT,PRVT (Conf: 100.0%),PASS,,,,TRUE
2026-04-05 16:43:02,ION30,ENGLISH,English,684,FSI_TONGA_GROUP_CALL,GRP,GRP,GRP (Conf: 100.0%),PASS,,,,TRUE
2026-04-05 16:43:36,ION1,ENGLISH,English,685,FSI_TONGA_CALL,CALL,CALL,CALL (Conf: 100.0%),PASS,,,,TRUE
2026-04-05 16:44:21,ION30,ENGLISH,English,686,FSI_TONGA_INTERRUPT,INTR,INTR,NMR (Conf: 57.1%),FAIL,Mismatch (Conf: 57.1%): Text misspelled or completely changed.,,Fail to detect,TRUE
2026-04-05 16:44:54,ION1,ENGLISH,English,687,FSI_TONGA_ALERT,ALERT,ALERT,ALERT (Conf: 100.0%),PASS,,,,TRUE
2026-04-05 16:45:37,ION30,ENGLISH,English,688,FSI_TONGA_ALARM,ALRM,ALRM,ALPM (Conf: 75.0%),WARN,Mismatch (Conf: 75.0%): Text misspelled or completely changed.,,Fail to detect,TRUE
2026-04-05 16:46:11,ION1,ENGLISH,English,689,FSI_TONGA_EMERGENCY,EMGY,EMGY,EMGY (Conf: 100.0%),PASS,,,,TRUE
2026-04-05 16:46:18,ION30,ENGLISH,English,690,FSI_TONGA_MIC_AGC,MIC AGC,MIC AGC,MIC AGC (Conf: 100.0%),PASS,,,,TRUE
2026-04-05 16:46:52,ION1,ENGLISH,English,691,FSI_TONGA_MONITOR,MONITOR,MONITOR,MONITOR (Conf: 100.0%),PASS,,,,TRUE
2026-04-05 16:46:58,ION30,ENGLISH,English,692,FSI_TONGA_POWER,PWR,PWR,PWR (Conf: 100.0%),PASS,,,,TRUE
2026-04-05 16:47:31,ION1,ENGLISH,English,693,FSI_TONGA_TALKAROUND,TALK AROUND,TALK AROUND,TALK AROUND (Conf: 100.0%),PASS,,,,TRUE
2026-04-05 16:47:38,ION30,ENGLISH,English,694,FSI_TONGA_REPEATER,REPEATER,REPEATER,REPEATER (Conf: 100.0%),PASS,,,,TRUE
2026-04-05 16:48:12,ION1,ENGLISH,English,695,FSI_TONGA_SQUELCH,SQUELCH,SQUELCH,SQUELCH (Conf: 100.0%),PASS,,,,TRUE
2026-04-05 16:48:55,ION30,ENGLISH,English,696,FSI_TONGA_SCRAMBLING,SCRAMBLING,SCRAMBLING,SCRAMBL NG (Conf: 90.0%),WARN,Mismatch (Conf: 90.0%): Text misspelled or completely changed.,,Fail to detect,TRUE
2026-04-05 16:49:29,ION1,ENGLISH,English,697,FSI_TONGA_VA,VOICE,VOICE,VOICE (Conf: 100.0%),PASS,,,,TRUE
2026-04-05 16:49:36,ION30,ENGLISH,English,698,FSI_TONGA_VOX,VOX,VOX,VOX (Conf: 100.0%),PASS,,,,TRUE
2026-04-05 16:50:10,ION1,ENGLISH,English,699,FSI_TONGA_PRIVACY,PRIVACY,PRIVACY,PRIVACY (Conf: 100.0%),PASS,,,,TRUE
2026-04-05 16:50:16,ION30,ENGLISH,English,700,FSI_TONGA_SCAN,SCAN,SCAN,SCAN (Conf: 100.0%),PASS,,,,TRUE
2026-04-05 16:50:50,ION1,ENGLISH,English,701,FSI_TONGA_ALL_ALERT_TONE,TONES,TONES,TONES (Conf: 100.0%),PASS,,,,TRUE
2026-04-05 16:51:34,ION30,ENGLISH,English,702,FSI_TONGA_SCRAMBLING_3_29K,3.29K,3.29K,3 29K (Conf: 80.0%),WARN,Mismatch (Conf: 80.0%): Text misspelled or completely changed.,,Fail to detect,TRUE
2026-04-05 16:52:09,ION1,ENGLISH,English,703,FSI_TONGA_SCRAMBLING_3_39K,3.39K,3.39K,3.39K (Conf: 100.0%),PASS,,,,TRUE
2026-04-05 16:52:17,ION30,ENGLISH,English,704,FSI_TONGA_SEL_CALL,SEL,SEL,SEL (Conf: 100.0%),PASS,,,,TRUE
2026-04-05 16:52:51,ION1,ENGLISH,English,705,FSI_TONGA_NORMAL,NORM,NORM,NORM (Conf: 100.0%),PASS,,,,TRUE
2026-04-05 16:53:40,ION30,ENGLISH,English,706,FSI_TONGA_TIGHT,TIGH,TIGH,TGH (Conf: 85.7%),WARN,Mismatch (Conf: 85.7%): Text misspelled or completely changed.,,Fail to detect,TRUE
2026-04-05 16:54:13,ION1,ENGLISH,English,707,FSI_TONGA_ON,ON,ON,ON (Conf: 100.0%),PASS,,,,TRUE
2026-04-05 16:54:22,ION30,ENGLISH,English,708,FSI_TONGA_OFF,OFF,OFF,OFF (Conf: 100.0%),PASS,,,,TRUE
2026-04-05 16:54:56,ION1,ENGLISH,English,709,FSI_TONGA_HIGH,HIGH,HIGH,HIGH (Conf: 100.0%),PASS,,,,TRUE
2026-04-05 16:55:05,ION30,ENGLISH,English,710,FSI_TONGA_LOW,LOW,LOW,LOW (Conf: 100.0%),PASS,,,,TRUE
2026-04-05 16:55:39,ION1,ENGLISH,English,711,FSI_TONGA_BOOT_MODE,BOOT,BOOT,BOOT (Conf: 100.0%),PASS,,,,TRUE
2026-04-05 16:55:48,ION30,ENGLISH,English,712,FSI_TONGA_PROGRAM_MODE,PROG,PROG,PROG (Conf: 100.0%),PASS,,,,TRUE
2026-04-05 16:56:21,ION1,ENGLISH,English,713,FSI_TONGA_FATAL_ERROR,ERR!,ERR!,ERR! (Conf: 100.0%),PASS,,,,TRUE
2026-04-05 16:56:29,ION30,ENGLISH,English,714,FSI_TONGA_ERR,ERR,ERR,ERR (Conf: 100.0%),PASS,,,,TRUE
2026-04-05 16:57:40,ION1,ENGLISH,English,715,FSI_TONGA_SITE_SEARCH,SITE,SITE,BITE (Conf: 75.0%),WARN,Mismatch (Conf: 75.0%): Text misspelled or completely changed.,,Fail to detect,TRUE
2026-04-05 16:58:26,ION30,ENGLISH,English,716,FSI_TONGA_TEST_STRING,TEST,TEST,REST (Conf: 75.0%),WARN,Mismatch (Conf: 75.0%): Text misspelled or completely changed.,,Fail to detect,TRUE
2026-04-05 16:59:36,ION1,ENGLISH,English,717,FSI_TONGA_RF_TEST_MOMENTATY,RF,RF,6F (Conf: 50.0%),FAIL,Mismatch (Conf: 50.0%): Text misspelled or completely changed.,,Fail to detect,TRUE
2026-04-05 16:59:53,ION30,ENGLISH,English,718,FSI_TONGA_LED_TEST,LED,LED,LED (Conf: 100.0%),PASS,,,,TRUE
2026-04-05 17:00:34,ION1,ENGLISH,English,719,FSI_TONGA_SPEAKER_TEST,SPKR,SPKR,SPKR (Conf: 100.0%),PASS,,,,TRUE
2026-04-05 17:01:21,ION30,ENGLISH,English,720,FSI_TONGA_EARPIECE_TONE_TEST,EAR,EAR,EAF (Conf: 66.7%),FAIL,Mismatch (Conf: 66.7%): Text misspelled or completely changed.,,Fail to detect,TRUE
2026-04-05 17:01:55,ION1,ENGLISH,English,721,FSI_TONGA_LOOP_BACK_EARPIECT_TEST,LOOP,LOOP,LOOP (Conf: 100.0%),PASS,,,,TRUE
2026-04-05 17:02:05,ION30,ENGLISH,English,722,FSI_TONGA_BATTERY_TEST,BATT,BATT,BATT (Conf: 100.0%),PASS,,,,TRUE
2026-04-05 17:02:38,ION1,ENGLISH,English,723,FSI_TONGA_BUTTON_TEST,BTN,BTN,BTN (Conf: 100.0%),PASS,,,,TRUE
2026-04-05 17:03:24,ION30,ENGLISH,English,724,FSI_TONGA_ART_TEST,ART,ART,AF.T (Conf: 57.1%),FAIL,Mismatch (Conf: 57.1%): Text misspelled or completely changed.,,Fail to detect,TRUE
2026-04-05 17:03:59,ION1,ENGLISH,English,725,FSI_TONGA_ALT_TEST,ALT,ALT,ALT (Conf: 100.0%),PASS,,,,TRUE
2026-04-05 17:04:44,ION30,ENGLISH,English,726,FSI_TONGA_ZONE_TOGGLE,ZN-,ZN-,ZN4 (Conf: 66.7%),FAIL,Mismatch (Conf: 66.7%): Text misspelled or completely changed.,,check original,TRUE
2026-04-05 17:05:17,ION1,ENGLISH,English,727,FSI_DL_AVS,SCRB,SCRB,SCRB (Conf: 100.0%),PASS,,,,TRUE
2026-04-05 17:05:25,ION30,ENGLISH,English,728,FSI_DL_AVS_CODE,SCR-C,SCR-C,Scr-C (Conf: 100.0%),PASS,,,,TRUE
2026-04-05 17:06:36,ION1,ENGLISH,English,729,FSI_FL_AVS,SCRAMBLE ON/OFF,SCRAMBLE ON/OFF,CRAMBLE ON OF (Conf: 85.7%),WARN,Mismatch (Conf: 85.7%): Text misspelled or completely changed.,,Fail to detect,TRUE
2026-04-05 17:07:23,ION30,APAC,Traditional Chinese,730,FSI_FL_AVS_CODE,SCRAMBLE CODE,擾頻碼,檢頻碼 (Conf: 66.7%),FAIL,Mismatch (Conf: 66.7%): Text misspelled or completely changed.,,Fail to detect,TRUE
2026-04-05 17:08:36,ION1,ENGLISH,English,731,FSI_3RDPARTY_CONN_MODE_MB_PTT,MB PTT,MB PTT,1 05 PTT (Conf: 57.1%),FAIL,Mismatch (Conf: 57.1%): Text misspelled or completely changed.,,Fail to detect,TRUE
2026-04-05 17:09:22,ION30,APAC,Traditional Chinese,732,FSI_3RDPARTY_CONN_MODE_MB_PTT_SELECTED,MB PTT SELECTED,多按鈕 PTT 已選取,音頻 PTT 已關 (Conf: 60.0%),FAIL,Mismatch (Conf: 60.0%): Text misspelled or completely changed.,,"truncated, Fail",TRUE
2026-04-05 17:10:32,ION1,ENGLISH,English,733,FSI_40S_SELECTED,40S SELECTED,40S SELECTED,NO_TEXT (Conf: 21.1%),FAIL,Mismatch (Conf: 21.1%): Text misspelled or completely changed.,,Fail to detect,TRUE
2026-04-05 17:11:19,ION30,APAC,Traditional Chinese,734,FSI_50S_SELECTED,50S SELECTED,50 秒 已選取,50 秒 已達到 (Conf: 75.0%),WARN,Mismatch (Conf: 75.0%): Text misspelled or completely changed.,,Fail to detect,TRUE
2026-04-05 17:12:32,ION1,ENGLISH,English,735,FSI_INFINITE_SELECTED,INFINITE SELECTED,INFINITE SELECTED,INFINITE SELE... (Conf: 78.8%),WARN,Mismatch (Conf: 78.8%): Text misspelled or completely changed.,,"truncated, Fail",TRUE
2026-04-05 17:12:41,ION30,APAC,Traditional Chinese,736,FSI_TOGGLE_AUDIO_ACCY_SPKR_SEL,ACCY SPEAKER,配件揚聲器,配件揚聲器 (Conf: 100.0%),PASS,,,,TRUE
2026-04-05 17:13:15,ION1,ENGLISH,English,737,FSI_TOGGLE_AUDIO_RADIO_SPKR_SEL,RAD SPEAKER,RAD SPEAKER,RAD SPEAKER (Conf: 100.0%),PASS,,,,TRUE
2026-04-05 17:13:24,ION30,APAC,Traditional Chinese,738,FSI_DL_TOGGLE_AUDIO_DISPLAY_LABEL,ACCY SPKR,配件話筒,配件話筒 (Conf: 100.0%),PASS,,,,TRUE
2026-04-05 17:14:34,ION1,ENGLISH,English,739,FSI_FL_TOGGLE_AUDIO_DISPLAY_LABEL,SWITCH SPEAKER,SWITCH SPEAKER,SWITCH SPEA... (Conf: 78.6%),WARN,Mismatch (Conf: 78.6%): Text misspelled or completely changed.,,"truncated, Fail",TRUE
2026-04-05 17:15:21,ION30,APAC,Traditional Chinese,740,FSI_DL_TRILL_ENHANCEMENT,TRILL,顫音,靜音 (Conf: 50.0%),FAIL,Mismatch (Conf: 50.0%): Text misspelled or completely changed.,,Fail to detect,TRUE
2026-04-05 17:15:56,ION1,ENGLISH,English,741,FSI_FL_TRILL_ENHANCEMENT,TRILL ENHANCE,TRILL ENHANCE,TRILL ENHANCE (Conf: 100.0%),PASS,,,,TRUE
2026-04-05 17:16:43,ION30,APAC,Traditional Chinese,742,FSI_TRILL_ENHANCEMENT_ON,TRILL ENHANCE ON,顫音增強 開啟,語音 播強 開啟 (Conf: 66.7%),FAIL,Mismatch (Conf: 66.7%): Text misspelled or completely changed.,,Fail to detect,TRUE
2026-04-05 17:17:55,ION1,ENGLISH,English,743,FSI_TRILL_ENHANCEMENT_OFF,TRILL ENHANCE OFF,TRILL ENHANCE OFF,TRILL ENHAN... (Conf: 71.0%),WARN,Mismatch (Conf: 71.0%): Text misspelled or completely changed.,,"truncated, Fail",TRUE
2026-04-05 17:18:43,ION30,APAC,Traditional Chinese,744,FSI_HIGH_NOISE_SELECTED,LOUD SELECTED,大聲 已選取,大聲 已達到 (Conf: 66.7%),FAIL,Mismatch (Conf: 66.7%): Text misspelled or completely changed.,,Fail to detect,TRUE
2026-04-05 17:19:54,ION1,ENGLISH,English,745,FSI_CONTROL_ROOM_SELECTED,WORK GROUP SELECTED,WORK GROUP SELECTED,WORK GROUP... (Conf: 62.5%),FAIL,Mismatch (Conf: 62.5%): Text misspelled or completely changed.,,"truncated, Fail",TRUE
2026-04-05 17:20:43,ION30,APAC,Traditional Chinese,746,FSI_ACUITY_A_SELECTED,LEVEL 1 SELECTED,第 1 級 已選取,NO_TEXT (Conf: 0.0%),FAIL,Mismatch (Conf: 0.0%): Text misspelled or completely changed.,,Fail to detect,TRUE
2026-04-05 17:21:54,ION1,ENGLISH,English,747,FSI_ACUITY_B_SELECTED,LEVEL 2 SELECTED,LEVEL 2 SELECTED,EVEL 2 SELECT (Conf: 89.7%),WARN,Mismatch (Conf: 89.7%): Missing part of the expected text.,,"truncated, Fail",TRUE
2026-04-05 17:22:42,ION30,APAC,Traditional Chinese,748,FSI_ACUITY_C_SELECTED,LEVEL 3 SELECTED,第 3 級 已選取,第 3 級 已進即 (Conf: 77.8%),WARN,Mismatch (Conf: 77.8%): Text misspelled or completely changed.,,Fail to detect,TRUE
2026-04-05 17:23:53,ION1,ENGLISH,English,749,FSI_EQUALIZED_A_SELECTED,TREBLE BOOST SELECTED,TREBLE BOOST SELECTED,TREBLE BOOS... (Conf: 62.9%),FAIL,Mismatch (Conf: 62.9%): Text misspelled or completely changed.,,"truncated, Fail",TRUE
2026-04-05 17:24:41,ION30,APAC,Traditional Chinese,750,FSI_EQUALIZED_B_SELECTED,MID BOOST SELECTED,中音加強 已選取,信加強 已選取 (Conf: 80.0%),WARN,Mismatch (Conf: 80.0%): Text misspelled or completely changed.,,Fail to detect,TRUE
2026-04-05 17:25:51,ION1,ENGLISH,English,751,FSI_EQUALIZED_C_SELECTED,BASS BOOST SELECTED,BASS BOOST SELECTED,ZONE SELECTED (Conf: 62.5%),FAIL,Mismatch (Conf: 62.5%): Text misspelled or completely changed.,,"truncated, Fail",TRUE
2026-04-05 17:26:38,ION30,APAC,Traditional Chinese,752,FSI_DEFAULT_SELECTED,DEFAULT SELECTED,預設 已選取,預設已逾期 (Conf: 54.5%),FAIL,Mismatch (Conf: 54.5%): Text misspelled or completely changed.,,Fail to detect,TRUE
2026-04-05 17:27:12,ION1,ENGLISH,English,753,FSI_DL_REPLAY_MSG,REP,REP,REP (Conf: 100.0%),PASS,,,,TRUE
2026-04-05 17:27:21,ION30,APAC,Traditional Chinese,754,FSI_FL_REPLAY_MSG,REPLAY,重播,重播 (Conf: 100.0%),PASS,,,,TRUE
2026-04-05 17:27:56,ION1,ENGLISH,English,755,FSI_LOG_IN_LOGGED_IN,SIGNED-IN,SIGNED-IN,SIGNED-IN (Conf: 100.0%),PASS,,,,TRUE
2026-04-05 17:28:05,ION30,ENGLISH,English,756,FSI_TONGA_ZONE_TOGGLE_1,ZN-1,ZN-1,ZN-1 (Conf: 100.0%),PASS,,,,TRUE
2026-04-05 17:28:39,ION1,ENGLISH,English,757,FSI_TONGA_ZONE_TOGGLE_2,ZN-2,ZN-2,ZN-2 (Conf: 100.0%),PASS,,,,TRUE
2026-04-05 17:28:49,ION30,ENGLISH,English,758,FSI_TONGA_NO_EMER_PART1,NO,NO,NO (Conf: 100.0%),PASS,,,,TRUE
2026-04-05 17:29:22,ION1,ENGLISH,English,759,FSI_TONGA_NO_EMER_PART2,EMGY,EMGY,EMGY (Conf: 100.0%),PASS,,,,TRUE
2026-04-05 17:30:07,ION30,ENGLISH,English,760,FSI_DL_HCR_SILENCE,HCR,HCR,NO_TEXT (Conf: 0.0%),FAIL,Mismatch (Conf: 0.0%): Text misspelled or completely changed.,,Fail to detect,TRUE
2026-04-05 17:31:18,ION1,ENGLISH,English,761,FSI_DL_POR_HCR_SILENCE,SIL. HCR,SIL. HCR,NO_TEXT (Conf: 0.0%),FAIL,Mismatch (Conf: 0.0%): Text misspelled or completely changed.,,Fail to detect,TRUE
2026-04-05 17:31:27,ION30,APAC,Traditional Chinese,762,FSI_FL_HCR_SILENCE,SILENCE HCR,靜音 HCR,靜音 HCR (Conf: 100.0%),PASS,,,,TRUE
2026-04-05 17:32:02,ION1,ENGLISH,English,763,FSI_HCR_SILENCE,HCR SILENCED,HCR SILENCED,HCR SILENCED (Conf: 100.0%),PASS,,,,TRUE
2026-04-05 17:32:13,ION30,APAC,Traditional Chinese,764,FSI_DL_HCR_SET_HOME,HOME,主要,主要 (Conf: 100.0%),PASS,,,,TRUE
2026-04-05 17:32:49,ION1,ENGLISH,English,765,FSI_DL_POR_HCR_SET_HOME,SET HOME,SET HOME,SET HOME (Conf: 100.0%),PASS,,,,TRUE
2026-04-05 17:32:58,ION30,APAC,Traditional Chinese,766,FSI_FL_HCR_SET_HOME,SET HOME CH,設定主要頻道,設定主要頻道 (Conf: 100.0%),PASS,,,,TRUE
2026-04-05 17:33:32,ION1,ENGLISH,English,767,FSI_HCR_HCH_RESET,NEW HOME CH,NEW HOME CH,NEW HOME CH (Conf: 100.0%),PASS,,,,TRUE
2026-04-05 17:34:21,ION30,APAC,Traditional Chinese,768,FSI_HCR_NON_HCH,NON HOME CH,非 主要頻道,非王要頻道 (Conf: 72.7%),WARN,Mismatch (Conf: 72.7%): Text misspelled or completely changed.,,Fail to detect,TRUE
2026-04-05 17:35:32,ION1,ENGLISH,English,769,FSI_OTAR_REKEY_IN_PROGRESS,REKEY IN PROGRESS,REKEY IN PROGRESS,REKEY IN PRO... (Conf: 75.0%),WARN,Mismatch (Conf: 75.0%): Text misspelled or completely changed.,,"truncated, Fail",TRUE
2026-04-05 17:36:18,ION30,APAC,Traditional Chinese,770,FSI_OTAR_REKEY_SUCCESS,REKEY SUCCESS,更新金鑰 成功,NO_TEXT (Conf: 0.0%),FAIL,Mismatch (Conf: 0.0%): Text misspelled or completely changed.,,Fail to detect,TRUE
2026-04-05 17:36:51,ION1,ENGLISH,English,771,FSI_OTAR_REKEY_FAILED,REKEY FAILED,REKEY FAILED,REKEY FAILED (Conf: 100.0%),PASS,,,,TRUE
2026-04-05 17:37:35,ION30,APAC,Traditional Chinese,772,FSI_OTAR_REKEY_DENIED,REKEY DENIED,更新金鑰 被拒,更新全鎮校對 (Conf: 30.8%),FAIL,Mismatch (Conf: 30.8%): Text misspelled or completely changed.,,Fail to detect,TRUE
2026-04-05 17:38:09,ION1,ENGLISH,English,773,FSI_OTAR_ILLEGAL_KEY,ILLEGAL KEY,ILLEGAL KEY,ILLEGAL KEY (Conf: 100.0%),PASS,,,,TRUE
2026-04-05 17:38:25,ION30,ENGLISH,English,774,FSI_DL_OTAR_REKEY,RKY,RKY,Rky (Conf: 100.0%),PASS,,,,TRUE
2026-04-05 17:39:00,ION1,ENGLISH,English,775,FSI_OTAR_MISSING_KEY,MISSING KEY,MISSING KEY,MISSING KEY (Conf: 100.0%),PASS,,,,TRUE
2026-04-05 17:39:08,ION30,APAC,Traditional Chinese,776,FSI_DISABLED_SELECTED,DISABLED SELECTED,已停用 已選取,已停用 已選取 (Conf: 100.0%),PASS,,,,TRUE
2026-04-05 17:40:19,ION1,ENGLISH,English,777,FSI_BASIC_SELECTED,BASIC SELECTED,BASIC SELECTED,BASIC SELECT... (Conf: 82.8%),WARN,Mismatch (Conf: 82.8%): Text misspelled or completely changed.,,"truncated, Fail",TRUE
2026-04-05 17:41:06,ION30,APAC,Traditional Chinese,778,FSI_ENHANCED_SELECTED,ENHANCED SELECTED,增強 已選取,增進 已選取 (Conf: 83.3%),WARN,Mismatch (Conf: 83.3%): Text misspelled or completely changed.,,Fail to detect,TRUE
2026-04-05 17:42:19,ION1,ENGLISH,English,779,FSI_ENHANCED_AUTO_SELECTED,ENHANCED AUTO SELECTED,ENHANCED AUTO SELECTED,ENHANCED AU... (Conf: 61.1%),FAIL,Mismatch (Conf: 61.1%): Text misspelled or completely changed.,,"truncated, Fail",TRUE
2026-04-05 17:42:28,ION30,APAC,Traditional Chinese,780,FSI_SILENT_SELECTED,SILENT SELECTED,消音 已選取,消音 已選取 (Conf: 100.0%),PASS,,,,TRUE
2026-04-05 17:43:03,ION1,ENGLISH,English,781,FSI_RING_SELECTED,RING SELECTED,RING SELECTED,RING SELECTED (Conf: 100.0%),PASS,,,,TRUE
2026-04-05 17:43:50,ION30,APAC,Traditional Chinese,782,FSI_VIBRATE_SELECTED,VIBRATE SELECTED,震動 已選取,靜音 已解除 (Conf: 33.3%),FAIL,Mismatch (Conf: 33.3%): Text misspelled or completely changed.,,Fail to detect,TRUE
2026-04-05 17:45:00,ION1,ENGLISH,English,783,FSI_RING_AND_VIBRATE_SELECTED,RING&VIBRATE SELECTED,RING&VIBRATE SELECTED,VIBRATE SELECT (Conf: 80.0%),WARN,Mismatch (Conf: 80.0%): Missing part of the expected text.,,check original,TRUE
2026-04-05 17:45:32,ION30,APAC,Traditional Chinese,784,FSI_VIBRATE_STYLE_SHORT,SHORT,短促,短促 (Conf: 100.0%),PASS,,,,TRUE
2026-04-05 17:46:43,ION1,ENGLISH,English,785,FSI_VIBRATE_STYLE_MEDIUM,MEDIUM,MEDIUM,A MEDIUM (Conf: 85.7%),WARN,Mismatch (Conf: 85.7%): Extra text detected: 'A',,Fail to detect,TRUE
2026-04-05 17:46:52,ION30,APAC,Traditional Chinese,786,FSI_VIBRATE_STYLE_LONG,LONG,長,長 (Conf: 100.0%),PASS,,,,TRUE
2026-04-05 17:47:34,ION1,ENGLISH,English,787,FSI_SHORT_SELECTED,SHORT SELECTED,SHORT SELECTED,SHORT SELECTED (Conf: 100.0%),PASS,,,Double check original,TRUE
2026-04-05 17:48:22,ION30,APAC,Traditional Chinese,788,FSI_MEDIUM_SELECTED,MEDIUM SELECTED,中 已選取,1 中己選取 (Conf: 54.5%),FAIL,Mismatch (Conf: 54.5%): Text misspelled or completely changed.,,Fail to detect,TRUE
2026-04-05 17:49:33,ION1,ENGLISH,English,789,FSI_LONG_SELECTED,LONG SELECTED,LONG SELECTED,ONG SELECTED (Conf: 96.0%),WARN,Mismatch (Conf: 96.0%): Missing part of the expected text.,,"truncated, Fail",TRUE
2026-04-05 17:50:18,ION30,APAC,Traditional Chinese,790,FSI_DL_VIBRATE_STYLE,VIBR,震動,靜動 (Conf: 50.0%),FAIL,Mismatch (Conf: 50.0%): Text misspelled or completely changed.,,Fail to detect,TRUE
2026-04-05 17:51:00,ION1,ENGLISH,English,791,FSI_FL_VIBRATE_STYLE,VIBRATE STYLE,VIBRATE STYLE,VIBRATE STYLE (Conf: 100.0%),PASS,,,,TRUE
2026-04-05 17:51:10,ION30,APAC,Traditional Chinese,792,FSI_WRONG_BATTERY,WRONG BATT,電池錯誤,電池錯誤 (Conf: 100.0%),PASS,,,,TRUE
2026-04-05 17:51:52,ION1,ENGLISH,English,793,FSI_TURNING_ON_WIFI,TURNING ON WI-FI,TURNING ON WI-FI,TURNING ON WI-FI (Conf: 100.0%),PASS,,,Double check original,TRUE
2026-04-05 17:52:17,ION30,APAC,Traditional Chinese,794,FSI_TURNING_OFF_WIFI,TURNING OFF WI-FI,關閉 Wi-Fi,關閉 WI-FI (Conf: 100.0%),PASS,,,,TRUE
2026-04-05 17:52:52,ION1,ENGLISH,English,795,FSI_WIFI_ON,WI-FI ON,WI-FI ON,WI-FI ON (Conf: 100.0%),PASS,,,,TRUE
2026-04-05 17:52:59,ION30,APAC,Traditional Chinese,796,FSI_WIFI_OFF,WI-FI OFF,WI-FI 關閉,WI-FI 關閉 (Conf: 100.0%),PASS,,,,TRUE
2026-04-05 17:54:12,ION1,ENGLISH,English,797,FSI_WIFI_ON_FAILED,TURNING ON WI-FI FAILED,TURNING ON WI-FI FAILED,CB ON WI-FI FAIL (Conf: 71.8%),WARN,Mismatch (Conf: 71.8%): Text misspelled or completely changed.,,"truncated, Fail",TRUE
2026-04-05 17:55:00,ION30,APAC,Traditional Chinese,798,FSI_WIFI_OFF_FAILED,TURNING OFF WI-FI FAILED,無法關閉 Wi-Fi,無法關閉 Wi-Fi (Conf: 100.0%),PASS,,,,TRUE
2026-04-05 17:56:13,ION1,ENGLISH,English,799,FSI_WIFI_NETWORK_NOT_AVAILABLE,NETWORK NOT AVAILABLE,NETWORK NOT AVAILABLE,CHK NOT AVAIL (Conf: 64.7%),FAIL,Mismatch (Conf: 64.7%): Text misspelled or completely changed.,,"truncated, Fail",TRUE
2026-04-05 17:56:22,ION30,APAC,Traditional Chinese,800,FSI_WIFI_CONNECTED_TO,CONNECTED TO,已連線至,已連線至 (Conf: 100.0%),PASS,,,,TRUE
2026-04-05 17:56:59,ION1,ENGLISH,English,801,FSI_WIFI_CONNECTING,CONNECTING...,CONNECTING...,CONNECTING... (Conf: 100.0%),PASS,,,,TRUE
2026-04-05 17:57:21,ION30,APAC,Traditional Chinese,802,FSI_WIFI_SAVED,SAVED,已儲存,已儲存 (Conf: 100.0%),PASS,,,,TRUE
2026-04-05 17:57:56,ION1,ENGLISH,English,803,FSI_WIFI_SECUITY_MODE,SECURITY MODE,SECURITY MODE,SECURITY MODE (Conf: 100.0%),PASS,,,,TRUE
2026-04-05 17:58:05,ION30,APAC,Traditional Chinese,804,FSI_WIFI_MAC_ADDR,MAC ADDRESS,Mac 位址,Mac 位址 (Conf: 100.0%),PASS,,,,TRUE
2026-04-05 17:58:39,ION1,ENGLISH,English,805,FSI_WIFI_IP_ADDR,IP ADDRESS,IP ADDRESS,IP ADDRESS (Conf: 100.0%),PASS,[MISALIGNMENT ERROR: IP ADDRESS],,,TRUE
2026-04-05 17:58:48,ION30,APAC,Traditional Chinese,806,FSI_WIFI_SEC_MODE_OPEN,OPEN,開啟,開啟 (Conf: 100.0%),PASS,,,,TRUE
2026-04-05 17:59:22,ION1,ENGLISH,English,807,FSI_WIFI_SEC_MODE_WEP,WEP,WEP,WEP (Conf: 100.0%),PASS,,,,TRUE
2026-04-05 18:00:07,ION30,ENGLISH,English,808,FSI_WIFI_SEC_MODE_WPA,WPA/WPA2,WPA/WPA2,MPA/MPA2 (Conf: 75.0%),WARN,Mismatch (Conf: 75.0%): Text misspelled or completely changed.,,Fail to detect,TRUE
2026-04-05 18:00:42,ION1,ENGLISH,English,809,FSI_WIFI_PWD,PASSWORD,PASSWORD,PASSWORD (Conf: 100.0%),PASS,,,,TRUE
2026-04-05 18:00:51,ION30,APAC,Traditional Chinese,810,FSI_WIFI_REMOVED,REMOVED,已移除,已移除 (Conf: 100.0%),PASS,,,,TRUE
2026-04-05 18:01:27,ION1,ENGLISH,English,811,FSI_WIFI_SSID,SSID,SSID,SSID (Conf: 100.0%),PASS,,,,TRUE
2026-04-05 18:01:36,ION30,APAC,Traditional Chinese,812,FSI_WIFI_NETWORK_FULL,NETWORK LIST FULL,完整 網路清單,完整 網路清單 (Conf: 100.0%),PASS,,,,TRUE
2026-04-05 18:02:48,ION1,ENGLISH,English,813,FSI_WIFI_INVALID_PWD,INVALID PASSWORD,INVALID PASSWORD,INVALID PASS... (Conf: 77.4%),WARN,Mismatch (Conf: 77.4%): Text misspelled or completely changed.,,"truncated, Fail",TRUE
2026-04-05 18:03:41,ION30,APAC,Traditional Chinese,814,FSI_WIFI_AUTH_FAIL,AUTHENTICATION FAILURE,驗證 失敗,NO_TEXT (Conf: 0.0%),FAIL,Mismatch (Conf: 0.0%): Text misspelled or completely changed.,,Fail to detect,TRUE
2026-04-05 18:04:52,ION1,ENGLISH,English,815,FSI_WIFI_NETWORK_UNAVILABLE,NETWORK NOT AVAILABLE,NETWORK NOT AVAILABLE,CH NOT AVAIL (Conf: 60.6%),FAIL,Mismatch (Conf: 60.6%): Text misspelled or completely changed.,,"truncated, Fail",TRUE
2026-04-05 18:05:31,ION30,APAC,Traditional Chinese,816,FSI_WIFI_IP_NOT_AQUIRED,IP NOT ACQUIRED,未取得 IP,未取得 IP (Conf: 100.0%),PASS,,,,TRUE
2026-04-05 18:06:41,ION1,ENGLISH,English,817,FSI_WIFI_CONNECTING_IN_PROGRESS,CONNECTION IN PROGRESS,CONNECTION IN PROGRESS,CONNECTION... (Conf: 57.1%),FAIL,Mismatch (Conf: 57.1%): Text misspelled or completely changed.,,"truncated, Fail",TRUE
2026-04-05 18:06:50,ION30,ENGLISH,English,818,FSI_DL_WIFI_ON_OFF_TOGGLE,WI-FI,WI-FI,WI-FI (Conf: 100.0%),PASS,,,,TRUE
2026-04-05 18:08:02,ION1,ENGLISH,English,819,FSI_DL_WIFI_STATUS_QUERY,WF_S,WF_S,WF S (Conf: 75.0%),WARN,Mismatch (Conf: 75.0%): Text misspelled or completely changed.,,Fail to detect,TRUE
2026-04-05 18:08:49,ION30,APAC,Traditional Chinese,820,FSI_FL_WIFI_ON_OFF_TOGGLE,WI-FI ON/OFF,Wi-Fi 開啟/關閉,Wi-Fi 開啟關閉 (Conf: 95.2%),WARN,Mismatch (Conf: 95.2%): Text misspelled or completely changed.,,Fail to detect,TRUE
2026-04-05 18:09:25,ION1,ENGLISH,English,821,FSI_FL_WIFI_STATUS_QUERY,WI-FI STATUS,WI-FI STATUS,WI-FI STATUS (Conf: 100.0%),PASS,,,,TRUE
2026-04-05 18:10:13,ION30,APAC,Traditional Chinese,822,FSI_WIFI_NETWORK_LIST_UPDATED,NETWORK LIST UPDATED,網路清單 已更新,總路清空己 (Conf: 30.8%),FAIL,Mismatch (Conf: 30.8%): Text misspelled or completely changed.,,"truncated, Fail",TRUE
2026-04-05 18:10:48,ION1,ENGLISH,English,823,FSI_PRESS_OK_TO_CONTINUE_2_1,PRESS,PRESS,PRESS (Conf: 100.0%),PASS,,,,TRUE
2026-04-05 18:11:27,ION30,APAC,Traditional Chinese,824,FSI_PRESS_OK_TO_CONTINUE_2_2,TO CONTINUE.,以繼續。,以繼續。 (Conf: 100.0%),PASS,,,,TRUE
2026-04-05 18:12:38,ION1,ENGLISH,English,825,FSI_OB_PROG,PROGRAM OB,PROGRAM OB,PROGRAM 08 (Conf: 80.0%),WARN,Mismatch (Conf: 80.0%): Text misspelled or completely changed.,,Fail to detect,TRUE
2026-04-05 18:13:24,ION30,APAC,Traditional Chinese,826,FSI_DL_TX_INHIBIT,T-INH,禁發,NO_TEXT (Conf: 0.0%),FAIL,Mismatch (Conf: 0.0%): Text misspelled or completely changed.,,Fail to detect,TRUE
2026-04-05 18:13:59,ION1,ENGLISH,English,827,FSI_DL_POR_TX_INHIBIT,TX INHIBIT,TX INHIBIT,TX INHIBIT (Conf: 100.0%),PASS,,,,TRUE
2026-04-05 18:14:08,ION30,APAC,Traditional Chinese,828,FSI_FL_TX_INHIBIT,TRANSMIT INHIBIT,傳輸抑制,傳輸抑制 (Conf: 100.0%),PASS,,,,TRUE
2026-04-05 18:14:41,ION1,ENGLISH,English,829,FSI_TX_INHIBIT_ON,TX INHIBIT ON,TX INHIBIT ON,TX INHIBIT ON (Conf: 100.0%),PASS,,,,TRUE
2026-04-05 18:14:49,ION30,APAC,Traditional Chinese,830,FSI_TX_INHIBIT_OFF,TX INHIBIT OFF,傳輸抑制關閉,傳輸抑制關閉 (Conf: 100.0%),PASS,,,,TRUE
2026-04-05 18:15:23,ION1,ENGLISH,English,831,FSI_PASSPHRASE,PASSPHRASE,PASSPHRASE,PASSPHRASE (Conf: 100.0%),PASS,,,Double check original,TRUE
2026-04-05 18:16:10,ION30,APAC,Traditional Chinese,832,FSI_PASSPHRASE_LENGTH,AT LEAST 6 CHARACTERS,至少 6 個字元,至少6個字元 (Conf: 85.7%),WARN,Mismatch (Conf: 85.7%): Text misspelled or completely changed.,,Manage to detect specing,TRUE
2026-04-05 18:17:23,ION1,ENGLISH,English,833,FSI_TX_POWER_WIFI_LIMITED,TX POWER RESTRICTED TO 2W AND WI-FI DISABLED.,TX POWER RESTRICTED TO 2W AND WI-FI DISABLED.,TIED TO 2W AND (Conf: 47.5%),FAIL,Mismatch (Conf: 47.5%): Text misspelled or completely changed.,,"truncated, Fail",TRUE
2026-04-05 18:18:13,ION30,APAC,Traditional Chinese,834,FSI_BATT_LIFT_RESRICTION,USE A COMPATIBLE BATTERY TO LIFT RESTRICTION.,使用相容電池即可解除 限制。,靜音解除 請等待 (Conf: 27.3%),FAIL,Mismatch (Conf: 27.3%): Text misspelled or completely changed.,,"truncated, Fail",TRUE
2026-04-05 18:18:47,ION1,ENGLISH,English,835,FSI_FL_OTAR_REKEY,REKEY,REKEY,REKEY (Conf: 100.0%),PASS,,,,TRUE
2026-04-05 18:19:27,ION30,APAC,Traditional Chinese,836,FSI_NOT_AUTHORIZED,NOT AUTHORIZ,尚未 驗證,尚未 驗證 (Conf: 100.0%),PASS,,,,TRUE
2026-04-05 18:20:01,ION1,ENGLISH,English,837,FSI_PARTY_BUSY,PARTY BUSY,PARTY BUSY,PARTY BUSY (Conf: 100.0%),PASS,,,,TRUE
2026-04-05 18:20:10,ION30,APAC,Traditional Chinese,839,FSI_TALKBACK_PROHIBIT,TLKBACK PROH,禁止回呼,禁止回呼 (Conf: 100.0%),PASS,,,,TRUE
2026-04-05 18:21:22,ION1,ENGLISH,English,840,FSI_SYSTEM_INFO,SYSTEM ALIAS,SYSTEM ALIAS,SYSTELIAS (Conf: 85.7%),WARN,Mismatch (Conf: 85.7%): Text misspelled or completely changed.,,Manage to detect specing,TRUE
2026-04-05 18:21:31,ION30,APAC,Traditional Chinese,841,FSI_SITE_TRUNKING,SITE TRUNKING,站台集群,站台集群 (Conf: 100.0%),PASS,,,,TRUE
2026-04-05 18:22:06,ION1,ENGLISH,English,842,FSI_CALL_DENIED,CALL DENIED,CALL DENIED,CALL DENIED (Conf: 100.0%),PASS,,,,TRUE
2026-04-05 18:22:49,ION30,APAC,Traditional Chinese,843,FSI_NO_ANSWER,NO ANSWER,無 回應,無回應 (Conf: 85.7%),WARN,Mismatch (Conf: 85.7%): Text misspelled or completely changed.,,Manage to detect specing,TRUE
2026-04-05 18:24:02,ION1,ENGLISH,English,845,FSI_TURNING_ON_INLOC,TURNING ON INDOOR LOCATION,TURNING ON INDOOR LOCATION,TURNING ON I... (Conf: 58.5%),FAIL,Mismatch (Conf: 58.5%): Text misspelled or completely changed.,,"truncated, Fail",TRUE
2026-04-05 18:24:26,ION30,APAC,Traditional Chinese,846,FSI_TURNING_OFF_INLOC,TURNING OFF INDOOR LOCATION,關閉 室內位置,關閉 室內位置 (Conf: 100.0%),PASS,,,,TRUE
2026-04-05 18:25:37,ION1,ENGLISH,English,847,FSI_TURNING_ON_INLOC_FAILED,TURNING ON FAILED,TURNING ON FAILED,TURNING ON F... (Conf: 75.0%),WARN,Mismatch (Conf: 75.0%): Text misspelled or completely changed.,,"truncated, Fail",TRUE
2026-04-05 18:26:24,ION30,APAC,Traditional Chinese,848,FSI_TURNING_OFF_INLOC_FAILED,TURNING OFF FAILED,關閉 失敗,關閉失敗 (Conf: 88.9%),WARN,Mismatch (Conf: 88.9%): Text misspelled or completely changed.,,Manage to detect specing,TRUE
2026-04-05 18:27:36,ION1,ENGLISH,English,849,FSI_INDOOR_LOCATION_ON,INDOOR LOCATION ON,INDOOR LOCATION ON,INDOOR LOCA... (Conf: 68.8%),FAIL,Mismatch (Conf: 68.8%): Text misspelled or completely changed.,,"truncated, Fail",TRUE
2026-04-05 18:28:23,ION30,APAC,Traditional Chinese,850,FSI_INDOOR_LOCATION_OFF,INDOOR LOCATION OFF,室內位置 關閉,室內位置 開啟 (Conf: 71.4%),WARN,Mismatch (Conf: 71.4%): Text misspelled or completely changed.,,Fail to detect,TRUE
2026-04-05 18:29:33,ION1,APAC,Traditional Chinese,851,FSI_INDOOR_LOCATION_LABEL,INLOC,InLoc,"Unsupported media type found. Ignoring non-image media. The image provided is too dark and unclear for me to accurately extract any visible text from the walkie-talkie screen. The resolution and lighting make it difficult to distinguish specific characters or details. If possible, please provide a clearer, higher-quality image with better lighting for accurate analysis. (Conf: 0.0%)",FAIL,Mismatch (Conf: 0.0%): Text misspelled or completely changed.,,Fail to detect,TRUE
2026-04-05 18:29:42,ION30,APAC,Traditional Chinese,852,FSI_INDOOR_LOCATION,INDOOR LOCATION,室內位置,室內位置 (Conf: 100.0%),PASS,,,,TRUE
2026-04-05 18:30:17,ION1,ENGLISH,English,853,FSI_MAJOR,MAJOR,MAJOR,MAJOR (Conf: 100.0%),PASS,,,,TRUE
2026-04-05 18:31:05,ION30,APAC,Traditional Chinese,854,FSI_MINOR,MINOR,次要,休要 (Conf: 50.0%),FAIL,Mismatch (Conf: 50.0%): Text misspelled or completely changed.,,Fail to detect,TRUE
2026-04-05 18:31:40,ION1,ENGLISH,English,855,FSI_RSSI,RSSI,RSSI,RSSI (Conf: 100.0%),PASS,,,,TRUE
2026-04-05 18:31:49,ION30,APAC,Traditional Chinese,856,FSI_REGISTERING,REGISTERING,正在註冊,正在註冊 (Conf: 100.0%),PASS,,,,TRUE
2026-04-05 18:32:25,ION1,ENGLISH,English,857,FSI_REGISTER_DENIED,REG DENIED,REG DENIED,REG DENIED (Conf: 100.0%),PASS,,,,TRUE
2026-04-05 18:32:34,ION30,APAC,Traditional Chinese,858,FSI_REGISTER_FAILED,REGISTER FAILED,註冊失敗,註冊失敗 (Conf: 100.0%),PASS,,,Double check original,TRUE
2026-04-05 18:33:48,ION1,ENGLISH,English,859,FSI_REGISTER_REFUSED,REGISTER REFUSED,REGISTER REFUSED,MISTER REFUSED (Conf: 86.7%),WARN,Mismatch (Conf: 86.7%): Text misspelled or completely changed.,,"truncated, Fail",TRUE
2026-04-05 18:34:34,ION30,APAC,Traditional Chinese,860,FSI_GPS_WAITING_DE_MOTO,RETRIEVING GNSS INFO...,衛星定位中...,NO_TEXT (Conf: 0.0%),FAIL,Mismatch (Conf: 0.0%): Text misspelled or completely changed.,,Fail to detect,TRUE
2026-04-05 18:35:44,ION1,ENGLISH,English,861,FSI_GPS_WAITING_FAILED_DE_MOTO,RETRIEVE GNSS INFO FAILED,RETRIEVE GNSS INFO FAILED,REVE GNSS INF (Conf: 68.4%),FAIL,Mismatch (Conf: 68.4%): Text misspelled or completely changed.,,"truncated, Fail",TRUE
2026-04-05 18:36:31,ION30,APAC,Traditional Chinese,862,FSI_DL_GPS_DE_MOTO,GNSS,定位,定位 (Conf: 100.0%),PASS,,,,TRUE
2026-04-05 18:37:06,ION1,ENGLISH,English,863,FSI_FL_GPS_DE_MOTO,GNSS ON/OFF,GNSS ON/OFF,GNSS ON/OFF (Conf: 100.0%),PASS,,,,TRUE
2026-04-05 18:37:54,ION30,APAC,Traditional Chinese,864,FSI_GPS_ON_DE_MOTO,GNSS ON,定位 開,通話 開 (Conf: 50.0%),FAIL,Mismatch (Conf: 50.0%): Text misspelled or completely changed.,,Fail to detect,TRUE
2026-04-05 18:38:28,ION1,ENGLISH,English,865,FSI_GPS_OFF_DE_MOTO,GNSS OFF,GNSS OFF,GNSS OFF (Conf: 100.0%),PASS,,,,TRUE
2026-04-05 18:39:17,ION30,APAC,Traditional Chinese,866,FSI_FRONT_ACCESSORY_DE_MOTO,FRONT SMART ACCY,前端智能 配件,前端智能配件 (Conf: 92.3%),WARN,Mismatch (Conf: 92.3%): Text misspelled or completely changed.,,Manage to detect specing,TRUE
2026-04-05 18:39:51,ION1,ENGLISH,English,867,FSI_IMPRES_BATTERY_DE_MOTO,SMART BATTERY,SMART BATTERY,SMART BATTERY (Conf: 100.0%),PASS,,,Double check original,TRUE
2026-04-05 18:40:08,ION30,APAC,Traditional Chinese,868,FSI_NON_IMPRES_BATTERY_DE_MOTO,NOT SMART BATTERY,非智能 電池,非智能 電池 (Conf: 100.0%),PASS,,,,TRUE
2026-04-05 18:41:18,ION1,ENGLISH,English,869,FSI_REAR_ACCESSORY_DE_MOTO,REAR SMART ACCY,REAR SMART ACCY,REAR SMART ... (Conf: 75.9%),WARN,Mismatch (Conf: 75.9%): Text misspelled or completely changed.,,"truncated, Fail",TRUE
2026-04-05 18:42:06,ION30,APAC,Traditional Chinese,870,FSI_SMART_ACCESSORY_DE_MOTO,SMART ACCESSORY,智能 配件,智能配件 (Conf: 88.9%),WARN,Mismatch (Conf: 88.9%): Text misspelled or completely changed.,,Manage to detect specing,TRUE
2026-04-05 18:42:41,ION1,ENGLISH,English,871,FSI_3RDPARTY_CONN_MODE_MOTOROLA_DE_MOTO,SMART CABLE,SMART CABLE,SMART CABLE (Conf: 100.0%),PASS,,,,TRUE
2026-04-05 18:43:31,ION30,APAC,Traditional Chinese,872,FSI_3RDPARTY_CONN_MODE_MOTOROLA_SELECTED_DE_MOTO,SMART CABLE SELECTED,智能電纜 選定,智能電頻 速寶 (Conf: 57.1%),FAIL,Mismatch (Conf: 57.1%): Text misspelled or completely changed.,,Fail to detect,TRUE
2026-04-05 18:44:43,ION1,ENGLISH,English,873,FSI_UBLOX_PROGRAMMING,UPGRADING U-BLOX,UPGRADING U-BLOX,READING U-BLOX (Conf: 86.7%),WARN,Mismatch (Conf: 86.7%): Text misspelled or completely changed.,,"truncated, Fail",TRUE
2026-04-05 18:44:52,ION30,APAC,Traditional Chinese,874,FSI_MUTE_MODE_ON,MUTE MODE ON,靜音模式開啟,靜音模式開啟 (Conf: 100.0%),PASS,,,,TRUE
2026-04-05 18:45:26,ION1,ENGLISH,English,875,FSI_MUTE_MODE_OFF,MUTE MODE OFF,MUTE MODE OFF,MUTE MODE OFF (Conf: 100.0%),PASS,,,,TRUE
2026-04-05 18:46:12,ION30,APAC,Traditional Chinese,876,FSI_5M_SELECTED,5MINS SELECTED,5 分 已選取,5分 已選取 (Conf: 92.3%),WARN,Mismatch (Conf: 92.3%): Text misspelled or completely changed.,,Manage to detect specing,TRUE
2026-04-05 18:47:24,ION1,ENGLISH,English,877,FSI_10M_SELECTED,10MINS SELECTED,10MINS SELECTED,10 MINS SELEC... (Conf: 77.4%),WARN,Mismatch (Conf: 77.4%): Text misspelled or completely changed.,,"truncated, Fail",TRUE
2026-04-05 18:47:35,ION30,APAC,Traditional Chinese,878,FSI_15M_SELECTED,15MINS SLECTED,15 分 已選取,15 分 已選取 (Conf: 100.0%),PASS,,,Double check original,TRUE
2026-04-05 18:48:47,ION1,ENGLISH,English,879,FSI_20M_SELECTED,20MINS SELECTED,20MINS SELECTED,20 MINS SELEC... (Conf: 77.4%),WARN,Mismatch (Conf: 77.4%): Text misspelled or completely changed.,,"truncated, Fail",TRUE
2026-04-05 18:49:12,ION30,APAC,Traditional Chinese,880,FSI_25M_SELECTED,25MINS SELECTED,25 分 已選取,25 分 已選取 (Conf: 100.0%),PASS,,,Double check original,TRUE
2026-04-05 18:50:27,ION1,ENGLISH,English,881,FSI_30M_SELECTED,30MINS SELECTED,30MINS SELECTED,CHMS SELECTED (Conf: 78.6%),WARN,Mismatch (Conf: 78.6%): Text misspelled or completely changed.,,"truncated, Fail",TRUE
2026-04-05 18:51:14,ION30,APAC,Traditional Chinese,882,FSI_35M_SELECTED,35MINS SELECTED,35 分 已選取,36分已建取 (Conf: 57.1%),FAIL,Mismatch (Conf: 57.1%): Text misspelled or completely changed.,,Fail to detect,TRUE
2026-04-05 18:52:27,ION1,ENGLISH,English,883,FSI_40M_SELECTED,40MINS SELECTED,40MINS SELECTED,60MINS SELEC.. (Conf: 75.9%),WARN,Mismatch (Conf: 75.9%): Text misspelled or completely changed.,,"truncated, Fail",TRUE
2026-04-05 18:53:16,ION30,APAC,Traditional Chinese,884,FSI_45M_SELECTED,45MINS SELECTED,45 分 已選取,46分已超限 (Conf: 42.9%),FAIL,Mismatch (Conf: 42.9%): Text misspelled or completely changed.,,Fail to detect,TRUE
2026-04-05 18:54:27,ION1,ENGLISH,English,885,FSI_50M_SELECTED,50MINS SELECTED,50MINS SELECTED,1 MAIN SELECTED (Conf: 80.0%),WARN,Mismatch (Conf: 80.0%): Text misspelled or completely changed.,,"truncated, Fail",TRUE
2026-04-05 18:55:15,ION30,APAC,Traditional Chinese,886,FSI_55M_SELECTED,55MINS SELECTED,55 分 已選取,55分 已連線 (Conf: 66.7%),FAIL,Mismatch (Conf: 66.7%): Text misspelled or completely changed.,,Fail to detect,TRUE
2026-04-05 18:56:27,ION1,ENGLISH,English,887,FSI_60M_SELECTED,60MINS SELECTED,60MINS SELECTED,6MINS SELEC... (Conf: 75.9%),WARN,Mismatch (Conf: 75.9%): Text misspelled or completely changed.,,"truncated, Fail",TRUE
2026-04-05 18:57:15,ION30,APAC,Traditional Chinese,888,FSI_DL_MUTE_MODE,MUTE,靜音,請言 (Conf: 0.0%),FAIL,Mismatch (Conf: 0.0%): Text misspelled or completely changed.,,Fail to detect,TRUE
2026-04-05 18:57:57,ION1,ENGLISH,English,889,FSI_FL_MUTE_MODE,MUTE ON/OFF,MUTE ON/OFF,MUTE ON/OFF (Conf: 100.0%),PASS,,,,TRUE
2026-04-05 18:58:44,ION30,APAC,Traditional Chinese,890,FSI_SIGN_IN_REQUIRED,SIGN IN REQUIRED,必須 登入,必有當人 (Conf: 22.2%),FAIL,Mismatch (Conf: 22.2%): Text misspelled or completely changed.,,Fail to detect,TRUE
2026-04-05 18:59:19,ION1,ENGLISH,English,891,FSI_RADIO_KILLED,RADIO KILLED,RADIO KILLED,RADIO KILLED (Conf: 100.0%),PASS,,,,TRUE
2026-04-05 18:59:29,ION30,APAC,Traditional Chinese,892,FSI_USER_LOGGED_OFF,USER LOG OFF,使用者 已登出,使用者 已登出 (Conf: 100.0%),PASS,,,,TRUE
2026-04-05 19:00:40,ION1,ENGLISH,English,893,FSI_KEYPAD_VIBRATE_ON,KEYPAD VIBRATE ON,KEYPAD VIBRATE ON,PAD VIBRATE O1 (Conf: 83.9%),WARN,Mismatch (Conf: 83.9%): Text misspelled or completely changed.,,"truncated, Fail",TRUE
2026-04-05 19:01:29,ION30,APAC,Traditional Chinese,894,FSI_KEYPAD_VIBRATE_OFF,KEYPAD VIBRATE OFF,按鍵震動 關閉,按建廣動闗門 (Conf: 30.8%),FAIL,Mismatch (Conf: 30.8%): Text misspelled or completely changed.,,Fail to detect,TRUE
2026-04-05 19:02:04,ION1,ENGLISH,English,895,FSI_BATTERY_FULL,BATTERY FULL,BATTERY FULL,BATTERY FULL (Conf: 100.0%),PASS,,,,TRUE
2026-04-05 19:02:13,ION30,APAC,Traditional Chinese,896,FSI_BATTERY_ERROR,BATTERY ERROR,電池 錯誤,電池 錯誤 (Conf: 100.0%),PASS,,,,TRUE
2026-04-05 19:02:49,ION1,ENGLISH,English,897,FSI_3S_SELECTED,3S SELECTED,3S SELECTED,3S SELECTED (Conf: 100.0%),PASS,,,,TRUE
2026-04-05 19:03:38,ION30,APAC,Traditional Chinese,898,FSI_4S_SELECTED,4S SELECTED,4 秒 已選取,4秒 已選取 (Conf: 92.3%),WARN,Mismatch (Conf: 92.3%): Text misspelled or completely changed.,,Manage to detect specing,TRUE
2026-04-05 19:04:51,ION1,ENGLISH,English,899,FSI_GLOVE_MODE_ON,GLOVE MODE ON,GLOVE MODE ON,GLOVE MODE... (Conf: 76.9%),WARN,Mismatch (Conf: 76.9%): Text misspelled or completely changed.,,"truncated, Fail",TRUE
2026-04-05 19:05:42,ION30,APAC,Traditional Chinese,900,FSI_GLOVE_MODE_OFF,GLOVE MODE OFF,手套模式 關閉,手動模式 關閉 (Conf: 85.7%),WARN,Mismatch (Conf: 85.7%): Text misspelled or completely changed.,,Fail to detect,TRUE
2026-04-05 19:06:54,ION1,ENGLISH,English,901,FSI_DL_RESPONSE_INHIBIT,RS-INH,RS-INH,FS-1NH (Conf: 66.7%),FAIL,Mismatch (Conf: 66.7%): Text misspelled or completely changed.,,Fail to detect,TRUE
2026-04-05 19:07:03,ION30,APAC,Traditional Chinese,902,FSI_DL_RESPONSE_INHIBIT_BELIZE,RSP INH,禁止回應,禁止回應 (Conf: 100.0%),PASS,,,,TRUE
2026-04-05 19:07:39,ION1,ENGLISH,English,903,FSI_DL_RESPONSE_INHIBIT_MALTA,RSP INHIBIT,RSP INHIBIT,RSP INHIBIT (Conf: 100.0%),PASS,,,,TRUE
2026-04-05 19:07:49,ION30,APAC,Traditional Chinese,904,FSI_FL_RESPONSE_INHIBIT,RESPONSE INHIBIT,禁止回應,禁止回應 (Conf: 100.0%),PASS,,,,TRUE
2026-04-05 19:09:03,ION1,ENGLISH,English,905,FSI_RESPONSE_INHIBIT_ON,RES INHIBIT ON,RES INHIBIT ON,BZS INHIBIT ON (Conf: 85.7%),WARN,Mismatch (Conf: 85.7%): Text misspelled or completely changed.,,Fail to detect,TRUE
2026-04-05 19:09:51,ION30,APAC,Traditional Chinese,906,FSI_RESPONSE_INHIBIT_OFF,RES INHIBIT OFF,回應禁止關閉,回 應 禁 止 關 閉 (Conf: 70.6%),WARN,Mismatch (Conf: 70.6%): Text misspelled or completely changed.,,Manage to detect specing,TRUE
2026-04-05 19:10:25,ION1,ENGLISH,English,908,FSI_TONGA_EALT_TEST,EALT,EALT,EALT (Conf: 100.0%),PASS,,,,TRUE
2026-04-05 19:11:11,ION30,APAC,Traditional Chinese,909,FSI_FACE_DOWN_MUTE_ON,FACEDOWN MUTE ON,面朝下靜音 開啟,面朝下靜音 (Conf: 76.9%),WARN,Mismatch (Conf: 76.9%): Missing part of the expected text.,,Double check original,TRUE
2026-04-05 19:12:26,ION1,ENGLISH,English,910,FSI_FACE_DOWN_MUTE_OFF,FACEDOWN MUTE OFF,FACEDOWN MUTE OFF,FACEDOWN MUTT (Conf: 80.0%),WARN,Mismatch (Conf: 80.0%): Text misspelled or completely changed.,,"truncated, Fail",TRUE
2026-04-05 19:13:15,ION30,APAC,Traditional Chinese,911,FSI_TIME_HALF_H_SELECTED,0.5 HOUR SELECTED,0.5 小時 已選取,1.5 小時 已選取 (Conf: 90.0%),WARN,Mismatch (Conf: 90.0%): Text misspelled or completely changed.,,Fail to detect,TRUE
2026-04-05 19:14:28,ION1,ENGLISH,English,912,FSI_TIME_1H_SELECTED,1 HOUR SELECTED,1 HOUR SELECTED,4 HOUR SELEC... (Conf: 73.3%),WARN,Mismatch (Conf: 73.3%): Text misspelled or completely changed.,,Fail to detect,TRUE
2026-04-05 19:15:16,ION30,APAC,Traditional Chinese,913,FSI_TIME_1H_HALF_SELECTED,1.5 HOURS SELECTED,1.5 小時 已選取,15小時已選取 (Conf: 82.4%),WARN,Mismatch (Conf: 82.4%): Text misspelled or completely changed.,,Fail to detect,TRUE
2026-04-05 19:16:31,ION1,ENGLISH,English,914,FSI_TIME_2H_SELECTED,2 HOURS SELECTED,2 HOURS SELECTED,2 HOURS SELE... (Conf: 77.4%),WARN,Mismatch (Conf: 77.4%): Text misspelled or completely changed.,,"truncated, Fail",TRUE
2026-04-05 19:17:21,ION30,APAC,Traditional Chinese,915,FSI_TIME_2H_HALF_SELECTED,2.5 HOURS SELECTED,2.5 小時 已選取,25小時已達 (Conf: 62.5%),FAIL,Mismatch (Conf: 62.5%): Text misspelled or completely changed.,,Fail to detect,TRUE
2026-04-05 19:18:34,ION1,ENGLISH,English,916,FSI_TIME_3H_SELECTED,3 HOURS SELECTED,3 HOURS SELECTED,6 HOURS SELE... (Conf: 71.0%),WARN,Mismatch (Conf: 71.0%): Text misspelled or completely changed.,,"truncated, Fail",TRUE
2026-04-05 19:19:23,ION30,APAC,Traditional Chinese,917,FSI_TIME_3H_HALF_SELECTED,3.5 HOURS SELECTED,3.5 小時 已選取,3.5小時已達 (Conf: 70.6%),WARN,Mismatch (Conf: 70.6%): Text misspelled or completely changed.,,Manage to detect specing,TRUE
2026-04-05 19:20:34,ION1,ENGLISH,English,918,FSI_TIME_4H_SELECTED,4 HOURS SELECTED,4 HOURS SELECTED,↘ HOURS SELE... (Conf: 71.0%),WARN,Mismatch (Conf: 71.0%): Text misspelled or completely changed.,,Fail to detect,TRUE
2026-04-05 19:21:23,ION30,APAC,Traditional Chinese,919,FSI_TIME_4H_HALF_SELECTED,4.5 HOURS SELECTED,4.5 小時 已選取,15小時 已達 (Conf: 58.8%),FAIL,Mismatch (Conf: 58.8%): Text misspelled or completely changed.,,Fail to detect,TRUE
2026-04-05 19:22:34,ION1,ENGLISH,English,920,FSI_TIME_5H_SELECTED,5 HOURS SELECTED,5 HOURS SELECTED,5 HOURS SELE... (Conf: 77.4%),WARN,Mismatch (Conf: 77.4%): Text misspelled or completely changed.,,"truncated, Fail",TRUE
2026-04-05 19:23:22,ION30,APAC,Traditional Chinese,921,FSI_TIME_5H_HALF_SELECTED,5.5 HOURS SELECTED,5.5 小時 已選取,5.5 小時 已選 (Conf: 94.7%),WARN,Mismatch (Conf: 94.7%): Missing part of the expected text.,,Double check original,TRUE
2026-04-05 19:24:35,ION1,ENGLISH,English,922,FSI_TIME_6H_SELECTED,6 HOURS SELECTED,6 HOURS SELECTED,4 HOURS SELECT (Conf: 86.7%),WARN,Mismatch (Conf: 86.7%): Text misspelled or completely changed.,,"truncated, Fail",TRUE
2026-04-05 19:25:22,ION30,APAC,Traditional Chinese,923,FSI_WIFI_ON_CONNECTED,WI-FI ON CONNECTED,Wi-Fi 開啟 已連線,NO_TEXT (Conf: 0.0%),FAIL,Mismatch (Conf: 0.0%): Text misspelled or completely changed.,,Fail to detect,TRUE
2026-04-05 19:26:33,ION1,ENGLISH,English,924,FSI_WIFI_ON_DISCONNECTED,WI-FI ON DISCONNECTED,WI-FI ON DISCONNECTED,WI-FI ON DISC... (Conf: 70.3%),WARN,Mismatch (Conf: 70.3%): Text misspelled or completely changed.,,"truncated, Fail",TRUE
2026-04-05 19:27:19,ION30,APAC,Traditional Chinese,925,FSI_WIFI_IS_OFF,WI-FI OFF,Wi-Fi 關閉,WI-FI 開啟 (Conf: 75.0%),WARN,Mismatch (Conf: 75.0%): Text misspelled or completely changed.,,Fail to detect,TRUE
2026-04-05 19:27:54,ION1,ENGLISH,English,926,FSI_TONGA_TELEGRAM,TEL,TEL,TEL (Conf: 100.0%),PASS,,,,TRUE
2026-04-05 19:28:11,ION30,ENGLISH,English,927,FSI_TONGA_END,END,END,END (Conf: 100.0%),PASS,,,,TRUE
2026-04-05 19:28:46,ION1,ENGLISH,English,928,FSI_TG_KEYPAD_TONE_ON,TONE ON,TONE ON,TONE ON (Conf: 100.0%),PASS,,,,TRUE
2026-04-05 19:28:54,ION30,APAC,Traditional Chinese,929,FSI_TG_KEYPAD_VIBRATE_ON,VIBRATE ON,震動 開啟,震動 開啟 (Conf: 100.0%),PASS,,,Double check original,TRUE
2026-04-05 19:30:05,ION1,ENGLISH,English,930,FSI_TG_KEYPAD_TONE_VIBRATE_OFF,TONE&VIBRATE OFF,TONE&VIBRATE OFF,TONE&VIBRAT... (Conf: 73.3%),WARN,Mismatch (Conf: 73.3%): Text misspelled or completely changed.,,"truncated, Fail",TRUE
2026-04-05 19:30:52,ION30,APAC,Traditional Chinese,931,FSI_PURCHASE_REQUIRED,PURCHASE REQUIRED,需要 購買,需要 請問 (Conf: 60.0%),FAIL,Mismatch (Conf: 60.0%): Text misspelled or completely changed.,,Fail to detect,TRUE
2026-04-05 19:32:06,ION1,ENGLISH,English,932,FSI_WIFI_DISABLED_FOR_LOW_BATT,WI-FI DISABLED FOR LOW BATTERY,WI-FI DISABLED FOR LOW BATTERY,WI-FI DISABLE... (Conf: 56.5%),FAIL,Mismatch (Conf: 56.5%): Text misspelled or completely changed.,,"truncated, Fail",TRUE
2026-04-05 19:32:54,ION30,APAC,Traditional Chinese,933,FSI_WAVE_CONNECTING,CONNECTING...,連接中...,連接中 (Conf: 66.7%),FAIL,Mismatch (Conf: 66.7%): Missing part of the expected text.,,Fail to detect,TRUE
2026-04-05 19:33:47,ION1,ENGLISH,English,934,FSI_WAVE_SERVER_UNREACHABLE,WAVE5K LOST,WAVE5K LOST,WAVE5K LOST (Conf: 100.0%),PASS,,,,TRUE
2026-04-05 19:34:33,ION30,APAC,Traditional Chinese,935,FSI_WAVE_INVALID_SVR_INFO,INVALID LOGIN,登入無效,登人三救 (Conf: 25.0%),FAIL,Mismatch (Conf: 25.0%): Text misspelled or completely changed.,,Fail to detect,TRUE
2026-04-05 19:35:44,ION1,ENGLISH,English,936,FSI_WAVE_CHANNEL_INACTIVATED,INACTIVE CHANNEL,INACTIVE CHANNEL,INACTIVE CHA... (Conf: 77.4%),WARN,Mismatch (Conf: 77.4%): Text misspelled or completely changed.,,"truncated, Fail",TRUE
2026-04-05 19:35:53,ION30,APAC,Traditional Chinese,937,FSI_FL_WAVE_CHAN,WAVE5K CH,WAVE5K 頻道,WAVE5K 頻道 (Conf: 100.0%),PASS,,,,TRUE
2026-04-05 19:36:29,ION1,ENGLISH,English,938,FSI_DL_WAVE_CHAN,W-CH,W-CH,W-CH (Conf: 100.0%),PASS,,,,TRUE
2026-04-05 19:37:15,ION30,ENGLISH,English,939,FSI_DL_POR_WAVE_CHAN,W-CH,W-CH,WN-CH (Conf: 88.9%),WARN,Mismatch (Conf: 88.9%): Text misspelled or completely changed.,,Fail to detect,TRUE
2026-04-05 19:38:27,ION1,ENGLISH,English,940,FSI_WAVE_CALL_FAIL_SVR_DISCONNECTED,SERVER DISCONNECTED,SERVER DISCONNECTED,DISCONNECTED (Conf: 77.4%),WARN,Mismatch (Conf: 77.4%): Missing part of the expected text.,,"truncated, Fail",TRUE
2026-04-05 19:39:14,ION30,APAC,Traditional Chinese,941,FSI_WAVE_CALL_FAIL_CH_INACTIVE,WAVE5K CH INACTIVE,WAVE5K 頻道 無法作用,V25K 頻道 無法 (Conf: 75.0%),WARN,Mismatch (Conf: 75.0%): Text misspelled or completely changed.,,"truncated, Fail",TRUE
2026-04-05 19:40:26,ION1,ENGLISH,English,942,FSI_IMPRES_BATTERY_VERTEX,VERTEX BATTERY,VERTEX BATTERY,NO_TEXT (Conf: 38.1%),FAIL,Mismatch (Conf: 38.1%): Text misspelled or completely changed.,,Fail to detect,TRUE
2026-04-05 19:41:13,ION30,APAC,Traditional Chinese,943,FSI_NON_IMPRES_BATTERY_VERTEX,UNSUPPORTED BATTERY,,[No visible text detected] (Conf: 0.0%),FAIL,Mismatch (Conf: 0.0%): Extra text detected: '[No visible text detected]',,Remove this from batch file,TRUE
2026-04-05 19:42:26,ION1,ENGLISH,English,944,FSI_SMART_ACCESSORY_VERTEX,VERTEX ACCESSORY,VERTEX ACCESSORY,3TEX ACCESSOR (Conf: 82.8%),WARN,Mismatch (Conf: 82.8%): Text misspelled or completely changed.,,"truncated, Fail",TRUE
2026-04-05 19:43:17,ION30,APAC,Traditional Chinese,945,FSI_3RDPARTY_CONN_MODE_MOTOROLA_VERTEX,VERTEX,,(No visible text detected) (Conf: 0.0%),FAIL,Mismatch (Conf: 0.0%): Extra text detected: '(No visible text detected)',,Remove this from batch file,TRUE
2026-04-05 19:44:30,ION1,ENGLISH,English,946,FSI_3RDPARTY_CONN_MODE_MOTOROLA_SELECTED_VERTEX,VERTEX SELECTED,VERTEX SELECTED,VERTEX SELE... (Conf: 75.9%),WARN,Mismatch (Conf: 75.9%): Text misspelled or completely changed.,,"truncated, Fail",TRUE
2026-04-05 19:45:17,ION30,APAC,Traditional Chinese,949,FSI_CALL_QUEUE,CALL IN QUEUE,撥入佇列,插入佇列 (Conf: 75.0%),WARN,Mismatch (Conf: 75.0%): Text misspelled or completely changed.,,Fail to detect,TRUE
2026-04-05 19:46:32,ION1,ENGLISH,English,950,FSI_TONGA_AFM_TEST,AFM,AFM,A CH 1 (Conf: 22.2%),FAIL,Mismatch (Conf: 22.2%): Text misspelled or completely changed.,,Fail to detect,TRUE
2026-04-05 19:46:40,ION30,APAC,Traditional Chinese,951,FSI_DL_CALL_PRIORITY,CAL_P,優先,優先 (Conf: 100.0%),PASS,,,,TRUE
2026-04-05 19:47:51,ION1,ENGLISH,English,952,FSI_DL_CALL_POR_PRIORITY,CAL_PRIO,CAL_PRIO,CAL PRIO (Conf: 87.5%),WARN,Mismatch (Conf: 87.5%): Text misspelled or completely changed.,,Fail to detect,TRUE
2026-04-05 19:48:01,ION30,APAC,Traditional Chinese,953,FSI_CALL_PRIORITY_NORMAL,NORMAL PRI,一般優先順序,一般優先順序 (Conf: 100.0%),PASS,,,,TRUE
2026-04-05 19:48:37,ION1,ENGLISH,English,954,FSI_CALL_PRIORITY_HIGH,HIGH PRI,HIGH PRI,HIGH PRI (Conf: 100.0%),PASS,,,,TRUE
2026-04-05 19:48:46,ION30,APAC,Traditional Chinese,955,FSI_JOB_TICKETS_REPLY_GUIDE_5,TO ADD COMMENTS,以新增註解,以新增註解 (Conf: 100.0%),PASS,,,,TRUE
2026-04-05 19:49:21,ION1,ENGLISH,English,956,FSI_WIFI_DISABLE_TITLE,WI-FI DISABLED,WI-FI DISABLED,WI-FI DISABLED (Conf: 100.0%),PASS,,,,TRUE
2026-04-05 19:50:08,ION30,APAC,Traditional Chinese,957,FSI_POWER_OPTIMIZED,POWER OPTIMIZED FOR TX.,Tx 電源最佳化。,電纜最佳化 (Conf: 57.1%),FAIL,Mismatch (Conf: 57.1%): Text misspelled or completely changed.,,Check original,TRUE
2026-04-05 19:51:23,ION1,ENGLISH,English,958,FSI_CHARGE_TO_RESOLVE,CHARGE TO RESOLVE.,CHARGE TO RESOLVE.,CHARGE TO R... (Conf: 75.0%),WARN,Mismatch (Conf: 75.0%): Text misspelled or completely changed.,,"truncated, Fail",TRUE
2026-04-05 19:52:12,ION30,ENGLISH,English,959,FSI_WIFI_SEC_MODE_WPA_ENTERPRISE,WPA/WPA2 ENT,WPA/WPA2 ENT,WFA/WPA2E:11 (Conf: 66.7%),FAIL,Mismatch (Conf: 66.7%): Text misspelled or completely changed.,,Fail to detect,TRUE
2026-04-05 19:52:48,ION1,ENGLISH,English,960,FSI_PHASE2_AUTHENTICATION,PHASE 2 AUTH,PHASE 2 AUTH,PHASE 2 AUTH (Conf: 100.0%),PASS,,,,TRUE
2026-04-05 19:52:57,ION30,APAC,Traditional Chinese,961,FSI_EAP_METHOD,EAP METHOD,EAP 方法,EAP 方法 (Conf: 100.0%),PASS,,,,TRUE
2026-04-05 19:54:10,ION1,ENGLISH,English,962,FSI_REQUEST_IN_PROGRESS,REQUEST IN PROGRESS...,REQUEST IN PROGRESS...,IN PROGRESS (Conf: 66.7%),FAIL,Mismatch (Conf: 66.7%): Missing part of the expected text.,,"truncated, Fail",TRUE
2026-04-05 19:54:26,ION30,APAC,Traditional Chinese,963,FSI_CERT_SERIAL_NUM,SERIAL NUMBER,序號,序號 (Conf: 100.0%),PASS,,,,TRUE
2026-04-05 19:55:01,ION1,ENGLISH,English,964,FSI_CERT_SUBJECT,SUBJECT,SUBJECT,SUBJECT (Conf: 100.0%),PASS,,,,TRUE
2026-04-05 19:55:08,ION30,APAC,Traditional Chinese,965,FSI_CERT_ISSUER,ISSUER,發行者,發行者 (Conf: 100.0%),PASS,,,,TRUE
2026-04-05 19:55:43,ION1,ENGLISH,English,966,FSI_CERT_VALID_FROM,VALID FROM,VALID FROM,VALID FROM (Conf: 100.0%),PASS,,,,TRUE
2026-04-05 19:55:52,ION30,APAC,Traditional Chinese,967,FSI_CERT_VALID_TO,VALID TO,有效結束日期,有效結束日期 (Conf: 100.0%),PASS,,,,TRUE
2026-04-05 19:56:28,ION1,ENGLISH,English,968,FSI_CERT_COMMON_NAME,COMMON NAME,COMMON NAME,COMMON NAME (Conf: 100.0%),PASS,,,,TRUE
2026-04-05 19:56:37,ION30,APAC,Traditional Chinese,969,FSI_ANONYMOUS_IDENTITY,ANONYMOUS IDENTITY,匿名 身分識別,匿名 身分識別 (Conf: 100.0%),PASS,,,,TRUE
2026-04-05 19:57:50,ION1,ENGLISH,English,970,FSI_SERVER_UNAVAILABLE,SERVER IS UNAVAILABLE,SERVER IS UNAVAILABLE,TS UNAVAILABLE (Conf: 74.3%),WARN,Mismatch (Conf: 74.3%): Text misspelled or completely changed.,,"truncated, Fail",TRUE
2026-04-05 19:58:37,ION30,APAC,Traditional Chinese,971,FSI_INVALID_CERTIFICATE,INVALID CERT,無效憑證,無效頻道 (Conf: 50.0%),FAIL,Mismatch (Conf: 50.0%): Text misspelled or completely changed.,,Fail to detect,TRUE
2026-04-05 19:59:13,ION1,ENGLISH,English,972,FSI_REQUEST_COMPLETED,COMPLETED,COMPLETED,COMPLETED (Conf: 100.0%),PASS,,,,TRUE
2026-04-05 19:59:58,ION30,APAC,Traditional Chinese,973,FSI_CERT_STATUS_PENDING_TITLE,PENDING,擱置,擺置 (Conf: 50.0%),FAIL,Mismatch (Conf: 50.0%): Text misspelled or completely changed.,,Fail to detect,TRUE
2026-04-05 20:00:34,ION1,ENGLISH,English,974,FSI_REJECTED_TITLE,REJECTED,REJECTED,REJECTED (Conf: 100.0%),PASS,,,,TRUE
2026-04-05 20:01:20,ION30,APAC,Traditional Chinese,975,FSI_IDENTITY,IDENTITY,身分識別,勇分 超兄快 (Conf: 20.0%),FAIL,Mismatch (Conf: 20.0%): Text misspelled or completely changed.,,check original,TRUE
2026-04-05 20:01:54,ION1,ENGLISH,English,976,FSI_READY,READY,READY,READY (Conf: 100.0%),PASS,,,,TRUE
2026-04-05 20:02:39,ION30,ENGLISH,English,977,FSI_WIFI_EAP_TLS,TLS,TLS,16 (Conf: 0.0%),FAIL,Mismatch (Conf: 0.0%): Text misspelled or completely changed.,,Fail to detect,TRUE
2026-04-05 20:03:21,ION1,ENGLISH,English,978,FSI_WIFI_EAP_TTLS,TTLS,TTLS,TTLS (Conf: 100.0%),PASS,,,,TRUE
2026-04-05 20:04:07,ION30,ENGLISH,English,979,FSI_WIFI_EAP_PEAP,PEAP,PEAP,REAF (Conf: 50.0%),FAIL,Mismatch (Conf: 50.0%): Text misspelled or completely changed.,,Fail to detect,TRUE
2026-04-05 20:04:41,ION1,ENGLISH,English,980,FSI_WIFI_PHASE2_PAP,PAP,PAP,PAP (Conf: 100.0%),PASS,,,,TRUE
2026-04-05 20:05:25,ION30,ENGLISH,English,981,FSI_WIFI_PHASE2_CHAP,CHAP,CHAP,CHAR (Conf: 75.0%),WARN,Mismatch (Conf: 75.0%): Text misspelled or completely changed.,,Fail to detect,TRUE
2026-04-05 20:05:59,ION1,ENGLISH,English,982,FSI_WIFI_PHASE2_MSCHAP,MSCHAP,MSCHAP,MSCHAP (Conf: 100.0%),PASS,,,,TRUE
2026-04-05 20:06:43,ION30,ENGLISH,English,983,FSI_WIFI_PHASE2_MSCHAPV2,MSCHAPV2,MSCHAPV2,MSC V2 (Conf: 71.4%),WARN,Mismatch (Conf: 71.4%): Text misspelled or completely changed.,,Fail to detect,TRUE
2026-04-05 20:07:18,ION1,ENGLISH,English,984,FSI_STATUS_INVALID_CA_CERTIFICATE,INVALID CERT,INVALID CERT,INVALID CERT (Conf: 100.0%),PASS,,,,TRUE
2026-04-05 20:07:28,ION30,APAC,Traditional Chinese,985,FSI_STATUS_INVALID_PASSWORD,INVALID PASSWORD,無效 密碼,無效 密碼 (Conf: 100.0%),PASS,,,,TRUE
2026-04-05 20:08:02,ION1,ENGLISH,English,986,FSI_CERT_STATUS,STATUS,STATUS,STATUS (Conf: 100.0%),PASS,,,,TRUE
2026-04-05 20:08:49,ION30,APAC,Traditional Chinese,987,FSI_WIFI_EAP_NONE,NONE,無,"Unsupported media type found. Ignoring non-image media. The image provided is too unclear or too dark for me to reliably extract exact text following the strict guidelines you've outlined. If you can provide a clearer and brighter image of the screen, I will do my best to assist you. (Conf: 0.0%)",FAIL,Mismatch (Conf: 0.0%): Text misspelled or completely changed.,,Fail to detect,TRUE
2026-04-05 20:10:01,ION1,ENGLISH,English,988,FSI_CPS_CONFIGURE_ONLY,CONFIGURE ONLY WITH CPS/RM,CONFIGURE ONLY WITH CPS/RM,CONFIGURE O... (Conf: 55.0%),FAIL,Mismatch (Conf: 55.0%): Text misspelled or completely changed.,,"truncated, Fail",TRUE
2026-04-05 20:10:13,ION30,APAC,Traditional Chinese,989,FSI_REQUEST_COMPLETED_TITLE,COMPLETED,已完成,已完成 (Conf: 100.0%),PASS,,,,TRUE
2026-04-05 20:10:48,ION1,ENGLISH,English,990,FSI_CERT_STATUS_PENDING,PENDING,PENDING,PENDING (Conf: 100.0%),PASS,,,,TRUE
2026-04-05 20:10:57,ION30,APAC,Traditional Chinese,991,FSI_REJECTED,REJECTED,已拒絕,已拒絕 (Conf: 100.0%),PASS,,,,TRUE
2026-04-05 20:11:32,ION1,ENGLISH,English,992,FSI_FRDLY_NAME_TITLE,CERT NAME,CERT NAME,CERT NAME (Conf: 100.0%),PASS,,,,TRUE
2026-04-05 20:11:40,ION30,APAC,Traditional Chinese,993,FSI_ISSUED_TO_TITLE,ISSUED TO,發行對象,發行對象 (Conf: 100.0%),PASS,,,,TRUE
2026-04-05 20:12:14,ION1,ENGLISH,English,994,FSI_ISSUED_BY_TITLE,ISSUED BY,ISSUED BY,ISSUED BY (Conf: 100.0%),PASS,,,,TRUE
2026-04-05 20:12:24,ION30,APAC,Traditional Chinese,995,FSI_ENR_NOT_ALLOWED,ENROLL NOT ALLOWED,不允許 註冊,不允許 註冊 (Conf: 100.0%),PASS,,,,TRUE
2026-04-05 20:12:58,ION1,ENGLISH,English,996,FSI_ENR_FAILED,ENROLL FAILED,ENROLL FAILED,ENROLL FAILED (Conf: 100.0%),PASS,,,,TRUE
2026-04-05 20:13:07,ION30,APAC,Traditional Chinese,997,FSI_ENR_NOT_ALLOWED_TITLE,ENROLL NOT ALLOWED,不允許 註冊,不允許 註冊 (Conf: 100.0%),PASS,,,,TRUE
2026-04-05 20:13:42,ION1,ENGLISH,English,998,FSI_ENR_FAILED_TITLE,ENROLL FAILED,ENROLL FAILED,ENROLL FAILED (Conf: 100.0%),PASS,,,,TRUE
2026-04-05 20:14:11,ION30,ENGLISH,English,1000,FSI_OVCM_CALL,OVCM,OVCM,OVCM (Conf: 100.0%),PASS,,,,TRUE
2026-04-05 20:15:23,ION1,ENGLISH,English,1001,FSI_UNKNOWN_BATTERY,UNKNWN BATT,UNKNWN BATT,UNKNOWN BATT (Conf: 95.7%),WARN,Mismatch (Conf: 95.7%): Text misspelled or completely changed.,,Fail to detect,TRUE
2026-04-05 20:15:33,ION30,APAC,Traditional Chinese,1002,FSI_DGNA_ASSIGNED,DGNA ASSGNED,已指派 DGNA,已指派 DGNA (Conf: 100.0%),PASS,,,,TRUE
2026-04-05 20:16:08,ION1,ENGLISH,English,1003,FSI_DGNA_REMOVED,DGNA REMOVED,DGNA REMOVED,DGNA REMOVED (Conf: 100.0%),PASS,,,,TRUE
2026-04-05 20:16:16,ION30,ENGLISH,English,1004,FSI_DL_WAVE_MODE,WAVE,WAVE,WAVE (Conf: 100.0%),PASS,,,,TRUE
2026-04-05 20:16:51,ION1,ENGLISH,English,1005,FSI_FL_WAVE_MODE,WAVE,WAVE,WAVE (Conf: 100.0%),PASS,,,,TRUE
2026-04-05 20:17:08,ION30,ENGLISH,English,1006,FSI_DL_RADIO_MODE,RADIO,RADIO,Radio (Conf: 100.0%),PASS,,,,TRUE
2026-04-05 20:17:43,ION1,ENGLISH,English,1007,FSI_FL_RADIO_MODE,RADIO,RADIO,RADIO (Conf: 100.0%),PASS,,,,TRUE
2026-04-05 20:18:30,ION30,APAC,Traditional Chinese,1008,FSI_SWITCHING_TO_WAVE,SWITCHING TO WAVE,切換 至 WAVE,切換至 WAVE (Conf: 94.1%),WARN,Mismatch (Conf: 94.1%): Text misspelled or completely changed.,,Manage to detect specing,TRUE
2026-04-05 20:19:41,ION1,ENGLISH,English,1009,FSI_SWITCHING_TO_RADIO,SWITCHING TO RADIO,SWITCHING TO RADIO,SWITCHING T... (Conf: 68.8%),FAIL,Mismatch (Conf: 68.8%): Text misspelled or completely changed.,,"truncated, Fail",TRUE
2026-04-05 20:19:50,ION30,APAC,Traditional Chinese,1010,FSI_NO_CONNECTION,NO CONNECTION,無連線,無連線 (Conf: 100.0%),PASS,,,,TRUE
2026-04-05 20:20:24,ION1,ENGLISH,English,1011,FSI_FATAL_ERROR,FATAL ERROR,FATAL ERROR,FATAL ERROR (Conf: 100.0%),PASS,,,,TRUE
2026-04-05 20:20:32,ION30,APAC,Traditional Chinese,1012,FSI_ACTIVATION_FAIL,ACTIVATION:FAIL,啟用:失敗,啟用:失敗 (Conf: 100.0%),PASS,,,"Double check, I saw extra spacing",TRUE
2026-04-05 20:21:06,ION1,ENGLISH,English,1013,FSI_LOGIN_FAIL,LOGIN FAILURE,LOGIN FAILURE,LOGIN FAILURE (Conf: 100.0%),PASS,,,,TRUE
2026-04-05 20:21:13,ION30,APAC,Traditional Chinese,1014,FSI_SYNC_FAIL,SYNC FAILURE,同步失敗,同步失敗 (Conf: 100.0%),PASS,,,,TRUE
2026-04-05 20:21:47,ION1,ENGLISH,English,1015,FSI_SYNCHRONIZING,SYNCING,SYNCING,SYNCING (Conf: 100.0%),PASS,,,,TRUE
2026-04-05 20:22:33,ION30,APAC,Traditional Chinese,1016,FSI_ON_STR,ON,開啟,電池 開啟 (Conf: 57.1%),FAIL,Mismatch (Conf: 57.1%): Extra text detected: '電池',,Fail to detect,TRUE
2026-04-05 20:23:07,ION1,ENGLISH,English,1017,FSI_OFF_STR,OFF,OFF,OFF (Conf: 100.0%),PASS,,,,TRUE
2026-04-05 20:23:15,ION30,APAC,Traditional Chinese,1018,FSI_AUTH_FAIL,AUTH. FAILURE,驗證失敗,驗證失敗 (Conf: 100.0%),PASS,,,,TRUE
2026-04-05 20:23:50,ION1,ENGLISH,English,1019,FSI_WAVE,WAVE,WAVE,WAVE (Conf: 100.0%),PASS,,,,TRUE
2026-04-05 20:24:14,ION30,APAC,Traditional Chinese,1020,FSI_RADIO,RADIO,無線電,無線電 (Conf: 100.0%),PASS,,,,TRUE
2026-04-05 20:24:55,ION1,ENGLISH,English,1021,FSI_PREPARING,PREPARING,PREPARING,PREPARING (Conf: 100.0%),PASS,,,,TRUE
2026-04-05 20:25:42,ION30,APAC,Traditional Chinese,1022,FSI_NO_PARTICIPANTS,NO PARTICIPANTS,無 參與者,無參與者 (Conf: 88.9%),WARN,Mismatch (Conf: 88.9%): Text misspelled or completely changed.,,Manage to detect specing,TRUE
2026-04-05 20:26:54,ION1,ENGLISH,English,1023,FSI_NETWORK_ERROR,NETWORK ERROR,NETWORK ERROR,NO_TEXT (Conf: 30.0%),FAIL,Mismatch (Conf: 30.0%): Text misspelled or completely changed.,,Fail to detect,TRUE
2026-04-05 20:27:04,ION30,APAC,Traditional Chinese,1024,FSI_NO_PARTICIPANTS_ONE_LINE,NO PARTICIPANTS,無參與者,無參與者 (Conf: 100.0%),PASS,,,,TRUE
2026-04-05 20:27:38,ION1,ENGLISH,English,1025,FSI_AP_VER,AP VERSION,AP VERSION,AP VERSION (Conf: 100.0%),PASS,,,,TRUE
2026-04-05 20:27:46,ION30,APAC,Traditional Chinese,1026,FSI_PASS,PASS,通過,通過 (Conf: 100.0%),PASS,,,,TRUE
2026-04-05 20:28:20,ION1,ENGLISH,English,1027,FSI_FAIL,FAIL,FAIL,FAIL (Conf: 100.0%),PASS,,,,TRUE
2026-04-05 20:29:07,ION30,APAC,Traditional Chinese,1028,FSI_UNKNOWN,UNKNOWN,不明,1 不明 (Conf: 66.7%),FAIL,Mismatch (Conf: 66.7%): Extra text detected: '1',,Fail to detect,TRUE
2026-04-05 20:30:18,ION1,ENGLISH,English,1029,FSI_LTE_RF_TEST_MODE,LTE RF TEST MODE,LTE RF TEST MODE,TE RE TEST MODI (Conf: 83.9%),WARN,Mismatch (Conf: 83.9%): Text misspelled or completely changed.,,"truncated, Fail",TRUE
2026-04-05 20:31:04,ION30,APAC,Traditional Chinese,1030,FSI_BOARD_MATCH_TEST_TITLE,BOARD MATCHING,電路板相符,電路板相符 (Conf: 100.0%),PASS,,,,TRUE
2026-04-05 20:32:18,ION1,ENGLISH,English,1031,FSI_FIRMWARE_MATCH_TEST_TITLE,FIRMWARE MATCHING,FIRMWARE MATCHING,FIRMWARE MA... (Conf: 71.0%),WARN,Mismatch (Conf: 71.0%): Text misspelled or completely changed.,,"truncated, Fail",TRUE
2026-04-05 20:33:06,ION30,APAC,Traditional Chinese,1032,FSI_MICRO_SIM_TEST_TITLE,MICRO SIM TEST,Micro Sim 測試,Micro Sim 備註 (Conf: 83.3%),WARN,Mismatch (Conf: 83.3%): Text misspelled or completely changed.,,Check the original - might detection correct,TRUE
2026-04-05 20:34:22,ION1,ENGLISH,English,1033,FSI_FIRMWARE_MATCHING_TEST,FW MATCHING TEST MODE,FW MATCHING TEST MODE,NO_TEXT (Conf: 28.6%),FAIL,Mismatch (Conf: 28.6%): Text misspelled or completely changed.,,"truncated, Fail",TRUE
2026-04-05 20:35:11,ION30,APAC,Traditional Chinese,1034,FSI_MICRO_SIM_TEST,MICRO SIM TEST MODE,Micro Sim 測試模式,Micro Sim 插 (Conf: 80.0%),WARN,Mismatch (Conf: 80.0%): Text misspelled or completely changed.,,"truncated, Fail",TRUE
2026-04-05 20:36:25,ION1,ENGLISH,English,1035,FSI_BOARD_MATCHING_TEST,BOARD MATCHING TEST MODE,BOARD MATCHING TEST MODE,BOARD MATC... (Conf: 54.1%),FAIL,Mismatch (Conf: 54.1%): Text misspelled or completely changed.,,"truncated, Fail",TRUE
2026-04-05 20:37:11,ION30,APAC,Traditional Chinese,1036,FSI_DETECTION,DETECTING...,偵測中...,偵測中 (Conf: 66.7%),FAIL,Mismatch (Conf: 66.7%): Missing part of the expected text.,,Fail to detect,TRUE
2026-04-05 20:37:45,ION1,ENGLISH,English,1037,FSI_DL_WAVE_MODE_DEMOTO,POC,POC,POC (Conf: 100.0%),PASS,,,,TRUE
2026-04-05 20:38:30,ION30,ENGLISH,English,1038,FSI_FL_WAVE_MODE_DEMOTO,POC,POC,R05 (Conf: 0.0%),FAIL,Mismatch (Conf: 0.0%): Text misspelled or completely changed.,,Remove this from batch file,TRUE
2026-04-05 20:39:43,ION1,ENGLISH,English,1039,FSI_SWITCHING_TO_WAVE_DEMOTO,SWITCHING TO POC,SWITCHING TO POC,SWITCHING T... (Conf: 73.3%),WARN,Mismatch (Conf: 73.3%): Text misspelled or completely changed.,,"truncated, Fail",TRUE
2026-04-05 20:40:31,ION30,ENGLISH,English,1040,FSI_WAVE_DEMOTO,POC,POC,ROC (Conf: 66.7%),FAIL,Mismatch (Conf: 66.7%): Text misspelled or completely changed.,,Remove this from batch file,TRUE
2026-04-05 20:41:06,ION1,ENGLISH,English,1041,FSI_LTE_BAND_48,LTE BAND 48,LTE BAND 48,LTE BAND 48 (Conf: 100.0%),PASS,,,,TRUE
2026-04-05 20:41:54,ION30,APAC,Traditional Chinese,1042,FSI_LTE_RF_TEST,LTE RF TEST,LTE RF 測試,LTE AF 報話 (Conf: 66.7%),FAIL,Mismatch (Conf: 66.7%): Text misspelled or completely changed.,,Fail to detect,TRUE
2026-04-05 20:42:33,ION1,ENGLISH,English,1043,FSI_FREQ_OFFSET,OFFSET,OFFSET,OFFSET (Conf: 100.0%),PASS,,,,TRUE
2026-04-05 20:42:42,ION30,APAC,Traditional Chinese,1044,FSI_RECONNECT,RECONNECT,重新連線,重新連線 (Conf: 100.0%),PASS,,,,TRUE
2026-04-05 20:43:54,ION1,ENGLISH,English,1045,FSI_AP_UNAVAILABLE,AP UNAVAILABLE,AP UNAVAILABLE,AP UNAVAILA... (Conf: 78.6%),WARN,Mismatch (Conf: 78.6%): Text misspelled or completely changed.,,"truncated, Fail",TRUE
2026-04-05 20:44:05,ION30,APAC,Traditional Chinese,1046,FSI_ACTIVATION_FAILED,ACTIVATION FAILED,啟動失敗,啟動失敗 (Conf: 100.0%),PASS,,,,TRUE
2026-04-05 20:45:21,ION1,ENGLISH,English,1047,FSI_LTE_MODEM_FAILURE,LTE MODEM FAILURE,LTE MODEM FAILURE,LTE MODEM F... (Conf: 71.0%),WARN,Mismatch (Conf: 71.0%): Text misspelled or completely changed.,,"truncated, Fail",TRUE
2026-04-05 20:45:30,ION30,APAC,Traditional Chinese,1048,FSI_LTE_ERROR,LTE ERROR,LTE 錯誤,LTE 錯誤 (Conf: 100.0%),PASS,,,,TRUE
2026-04-05 20:46:42,ION1,ENGLISH,English,1049,FSI_SIM_NOT_ACTIVE,SIM NOT ACTIVE,SIM NOT ACTIVE,SW1 NOT ACTIVE (Conf: 85.7%),WARN,Mismatch (Conf: 85.7%): Text misspelled or completely changed.,,Fail to detect,TRUE
2026-04-05 20:46:52,ION30,APAC,Traditional Chinese,1050,FSI_SIM_FAILURE,SIM FAILURE,SIM 失敗,SIM 失敗 (Conf: 100.0%),PASS,,,,TRUE
2026-04-05 20:47:27,ION1,ENGLISH,English,1051,FSI_CONTACT_ADMIN,CONTACT ADMIN,CONTACT ADMIN,CONTACT ADMIN (Conf: 100.0%),PASS,,,Double check original,TRUE
2026-04-05 20:48:15,ION30,APAC,Traditional Chinese,1052,FSI_VIEW_BRACKET,(VIEW),(檢視),檢視 (Conf: 66.7%),FAIL,Mismatch (Conf: 66.7%): Missing part of the expected text.,,Fail to detect,TRUE
2026-04-05 20:48:50,ION1,ENGLISH,English,1053,FSI_TURNING_ON_LTE,TURNING ON LTE,TURNING ON LTE,TURNING ON LTE (Conf: 100.0%),PASS,,,,TRUE
2026-04-05 20:49:06,ION30,APAC,Traditional Chinese,1054,FSI_TURNING_OFF_LTE,TURNING OFF LTE,正在關閉 LTE,正在關閉 LTE (Conf: 100.0%),PASS,,,,TRUE
2026-04-05 20:50:23,ION1,ENGLISH,English,1055,FSI_FL_LTE_ON_OFF_TOGGLE,LTE ON/OFF,LTE ON/OFF,LITE ON/OFF (Conf: 95.2%),WARN,Mismatch (Conf: 95.2%): Text misspelled or completely changed.,,Fail to detect,TRUE
2026-04-05 20:50:33,ION30,ENGLISH,English,1056,FSI_DL_LTE_ON_OFF_TOGGLE,LTE,LTE,LTE (Conf: 100.0%),PASS,,,,TRUE
2026-04-05 20:51:47,ION1,ENGLISH,English,1057,FSI_LTE_ON_FAILED,TURNING ON LTE FAILED,TURNING ON LTE FAILED,TURNING ON L... (Conf: 66.7%),FAIL,Mismatch (Conf: 66.7%): Text misspelled or completely changed.,,"truncated, Fail",TRUE
2026-04-05 20:51:56,ION30,APAC,Traditional Chinese,1058,FSI_LTE_OFF_FAILED,TURNING OFF LTE FAILED,關閉 LTE 失敗,關閉 LTE 失敗 (Conf: 100.0%),PASS,,,,TRUE
2026-04-05 20:53:09,ION1,ENGLISH,English,1059,FSI_FW_STARTED,DOWNLOAD STARTED,DOWNLOAD STARTED,LOAD STARTED (Conf: 85.7%),WARN,Mismatch (Conf: 85.7%): Missing part of the expected text.,,"truncated, Fail",TRUE
2026-04-05 20:53:57,ION30,APAC,Traditional Chinese,1060,FSI_CHANGING_TO_DND,CHANGING TO DO NOT DISTURB,正在變更為 請勿打擾,正在變更為 (Conf: 66.7%),FAIL,Mismatch (Conf: 66.7%): Missing part of the expected text.,,"truncated, Fail",TRUE
2026-04-05 20:54:30,ION1,ENGLISH,English,1061,FSI_CHANGING_TO_AVAILABLE,CHANGING TO AVAILABLE,CHANGING TO AVAILABLE,CHANGING TO... (Conf: 62.9%),FAIL,Mismatch (Conf: 62.9%): Text misspelled or completely changed.,,"truncated, Fail",TRUE
2026-04-05 20:54:38,ION30,APAC,Traditional Chinese,1062,FSI_ACTION_FAILED,ACTION FAILED,動作 失敗,動作失敗 (Conf: 88.9%),WARN,Mismatch (Conf: 88.9%): Text misspelled or completely changed.,,Manage to detect specing,TRUE
2026-04-05 20:55:12,ION1,ENGLISH,English,1063,FSI_PREPARING_GROUP,PREPARING GROUP,PREPARING GROUP,TARING GROUP (Conf: 81.5%),WARN,Mismatch (Conf: 81.5%): Text misspelled or completely changed.,,"truncated, Fail",TRUE
2026-04-05 20:55:20,ION30,APAC,Traditional Chinese,1064,FSI_RADIO_DISABLED,RADIO DISABLED,無線電已停用,無線電已停用 (Conf: 100.0%),PASS,,,,TRUE
2026-04-05 20:55:55,ION1,ENGLISH,English,1065,FSI_TALKING,TALKING,TALKING,TALKING (Conf: 100.0%),PASS,,,,TRUE
2026-04-05 20:56:03,ION30,APAC,Traditional Chinese,1066,FSI_ACCOUNT_DISABLED,ACCOUNT DISABLED,帳號已停用,帳號已停用 (Conf: 100.0%),PASS,,,,TRUE
2026-04-05 20:56:38,ION1,ENGLISH,English,1067,FSI_SAVING_ENTRY,SAVING ENTRY,SAVING ENTRY,SAVING ENTRY (Conf: 100.0%),PASS,,,,TRUE
2026-04-05 20:56:46,ION30,APAC,Traditional Chinese,1068,FSI_DELETING_ENTRY,DELETING ENTRY,正在刪除 項目,正在刪除項目 (Conf: 92.3%),WARN,Mismatch (Conf: 92.3%): Text misspelled or completely changed.,,Manage to detect specing,TRUE
2026-04-05 20:57:21,ION1,ENGLISH,English,1069,FSI_SCAN_ON_FAILED,SCAN ON FAILED,SCAN ON FAILED,SCAN ON FAIL... (Conf: 82.8%),WARN,Mismatch (Conf: 82.8%): Text misspelled or completely changed.,,"truncated, Fail",TRUE
2026-04-05 20:57:30,ION30,APAC,Traditional Chinese,1070,FSI_SCAN_OFF_FAILED,SCAN OFF FAILED,掃描關閉 失敗,插 猒閣失敗 (Conf: 46.2%),FAIL,Mismatch (Conf: 46.2%): Text misspelled or completely changed.,,Fail to detect,TRUE
2026-04-05 20:58:05,ION1,ENGLISH,English,1071,FSI_RETRIEVING_BRACKET,(RETRIEVING),(RETRIEVING),(RETRIEVING) (Conf: 100.0%),PASS,,,,TRUE
2026-04-05 20:58:14,ION30,APAC,Traditional Chinese,1072,FSI_TX_EMERGENCY,TX EMERGENCY,Tx 緊急,Tx 緊急 (Conf: 100.0%),PASS,,,,TRUE
2026-04-05 20:58:49,ION1,ENGLISH,English,1073,FSI_EMERGENCY_SENT,EMERGENCY SENT,EMERGENCY SENT,EMERGENCY SENT (Conf: 100.0%),PASS,,,Double check original,TRUE
2026-04-05 20:58:58,ION30,APAC,Traditional Chinese,1074,FSI_EMER_EXIT_FAILED,EXIT NOT ALLOWED,不允許 結束,不允許 結束 (Conf: 100.0%),PASS,,,,TRUE
2026-04-05 20:59:33,ION1,ENGLISH,English,1075,FSI_EMERGENCY,EMERGENCY,EMERGENCY,EMERGENCY (Conf: 100.0%),PASS,,,,TRUE
2026-04-05 20:59:43,ION30,APAC,Simplified Chinese,1076,FSI_JOINING_GROUP,JOINING GROUP,正在加入 组,正在加入群组 (Conf: 83.3%),WARN,Mismatch (Conf: 83.3%): Text misspelled or completely changed.,,Check the original - might detection correct,TRUE
2026-04-05 21:00:18,ION1,ENGLISH,English,1077,FSI_DOWNLOADING_LIST,DOWNLOADING LIST,DOWNLOADING LIST,DOWNLOADIN... (Conf: 69.0%),FAIL,Mismatch (Conf: 69.0%): Text misspelled or completely changed.,,"truncated, Fail",TRUE
2026-04-05 21:00:26,ION30,APAC,Traditional Chinese,1078,FSI_LIST_NOT_AVAILABLE,LIST NOT AVAILABLE,清單 無法使用,核軍 無法使用 (Conf: 71.4%),WARN,Mismatch (Conf: 71.4%): Text misspelled or completely changed.,,Fail to detect,TRUE
2026-04-05 21:01:01,ION1,ENGLISH,English,1079,FSI_IN_CALL,IN CALL,IN CALL,IN CALL (Conf: 100.0%),PASS,,,,TRUE
2026-04-05 21:01:11,ION30,APAC,Traditional Chinese,1080,FSI_PAGE_RECEIVED,PAGE RECEIVED,已收到呼叫,已收到呼叫 (Conf: 100.0%),PASS,,,,TRUE
2026-04-05 21:01:47,ION1,ENGLISH,English,1081,FSI_PAGING,PAGING,PAGING,RAGING (Conf: 83.3%),WARN,Mismatch (Conf: 83.3%): Text misspelled or completely changed.,,Fail to detect,TRUE
2026-04-05 21:02:59,ION30,APAC,Traditional Chinese,1082,FSI_RETRIEVING_USER_INFO,RETRIEVING USER INFO,正在擷取 使用者資訊,啟 使用者首選 (Conf: 47.1%),FAIL,Mismatch (Conf: 47.1%): Text misspelled or completely changed.,,Fail to detect,TRUE
2026-04-05 21:03:34,ION1,ENGLISH,English,1083,FSI_NOT_AVAILABLE,NOT AVAILABLE,NOT AVAILABLE,NOT AVAILABLE (Conf: 100.0%),PASS,,,,TRUE
2026-04-05 21:03:42,ION30,APAC,Traditional Chinese,1084,FSI_BROADCASTING,BROADCASTING,廣播中,廣播中 (Conf: 100.0%),PASS,,,,TRUE
2026-04-05 21:04:17,ION1,ENGLISH,English,1085,FSI_BROADCAST,BROADCAST,BROADCAST,BROADCAST (Conf: 100.0%),PASS,,,,TRUE
2026-04-05 21:04:27,ION30,APAC,Traditional Chinese,1086,FSI_LISTENING,LISTENING,收聽中,收聽中 (Conf: 100.0%),PASS,,,,TRUE
2026-04-05 21:05:02,ION1,ENGLISH,English,1087,FSI_UPDATING_DONT_PWR_OFF,UPDATING DON'T POWER OFF,UPDATING DON'T POWER OFF,ING DON'T POIN (Conf: 63.2%),FAIL,Mismatch (Conf: 63.2%): Text misspelled or completely changed.,,"truncated, Fail",TRUE
2026-04-05 21:05:11,ION30,APAC,Traditional Chinese,1088,FSI_UPDATE_COMPLETED,UPDATE COMPLETED,更新 完成,更新 完成 (Conf: 100.0%),PASS,,,,TRUE
2026-04-05 21:05:46,ION1,ENGLISH,English,1089,FSI_UPDATE_FAILED,UPDATE FAILED,UPDATE FAILED,UPDATE FAILED (Conf: 100.0%),PASS,,,,TRUE
2026-04-05 21:05:54,ION30,APAC,Traditional Chinese,1090,FSI_GNSS_ON_FAILED,GNSS ON FAILED,GNSS 開啟 失敗,G.NSS 開啟 (Conf: 77.8%),WARN,Mismatch (Conf: 77.8%): Text misspelled or completely changed.,,Fail to detect,TRUE
2026-04-05 21:06:28,ION1,ENGLISH,English,1091,FSI_GNSS_OFF_FAILED,GNSS OFF FAILED,GNSS OFF FAILED,GNSS OFF FAI... (Conf: 80.0%),WARN,Mismatch (Conf: 80.0%): Text misspelled or completely changed.,,"truncated, Fail",TRUE
2026-04-05 21:06:37,ION30,APAC,Traditional Chinese,1092,FSI_PROCESSING,PROCESSING,處理中,處理中 (Conf: 100.0%),PASS,,,,TRUE
2026-04-05 21:07:12,ION1,ENGLISH,English,1093,FSI_SUCCEEDED,SUCCEEDED,SUCCEEDED,SUCCEEDED (Conf: 100.0%),PASS,,,,TRUE
2026-04-05 21:07:22,ION30,APAC,Traditional Chinese,1094,FSI_ACTION_FAILED_LOW_BATT,ACTION FAILED LOW BATTERY,動作失敗 電池電力不足,動作失敗 電 (Conf: 70.6%),WARN,Mismatch (Conf: 70.6%): Missing part of the expected text.,,"truncated, Fail",TRUE
2026-04-05 21:07:57,ION1,ENGLISH,English,1095,FSI_CANCELLING_EMER,CANCELLING EMERGENCY,CANCELLING EMERGENCY,HG EMERGENCY (Conf: 68.8%),FAIL,Mismatch (Conf: 68.8%): Text misspelled or completely changed.,,"truncated, Fail",TRUE
2026-04-05 21:08:06,ION30,APAC,Traditional Chinese,1096,FSI_EMER_CANCELLED,EMERGENCY CANCELLED,已取消 緊急,已取消 緊急 (Conf: 100.0%),PASS,,,,TRUE
2026-04-05 21:08:41,ION1,ENGLISH,English,1097,FSI_RESTARTING,RESTARTING,RESTARTING,RESTARTING (Conf: 100.0%),PASS,,,,TRUE
2026-04-05 21:08:51,ION30,APAC,Traditional Chinese,1098,FSI_CALL_TYPE,CALL TYPE,通話類型,通話類型 (Conf: 100.0%),PASS,,,,TRUE
2026-04-05 21:09:25,ION1,ENGLISH,English,1099,FSI_PRIVATE_CALL_TYPE,PRIVATE CALL,PRIVATE CALL,PRIVATE CALL (Conf: 100.0%),PASS,,,,TRUE
2026-04-05 21:09:33,ION30,APAC,Traditional Chinese,1100,FSI_GROUP_CALL_TYPE,GROUP CALL,群呼,群呼 (Conf: 100.0%),PASS,,,,TRUE
2026-04-05 21:10:07,ION1,ENGLISH,English,1101,FSI_PAGE_CALL_TYPE,PAGE,PAGE,PAGE (Conf: 100.0%),PASS,,,,TRUE
2026-04-05 21:10:15,ION30,APAC,Traditional Chinese,1102,FSI_DATE,DATE,日期,日卽 (Conf: 50.0%),FAIL,Mismatch (Conf: 50.0%): Text misspelled or completely changed.,,Fail to detect,TRUE
2026-04-05 21:10:50,ION1,ENGLISH,English,1103,FSI_TIME,TIME,TIME,TIME (Conf: 100.0%),PASS,,,,TRUE
2026-04-05 21:10:59,ION30,APAC,Traditional Chinese,1104,FSI_DURATION_SEC,DURATION (SEC),持續時間 (秒),持續時間 (秒) (Conf: 100.0%),PASS,,,,TRUE
2026-04-05 21:11:34,ION1,ENGLISH,English,1105,FSI_CONFIG_ERROR,CONFIG ERROR,CONFIG ERROR,CONFIG ERROR (Conf: 100.0%),PASS,,,,TRUE
2026-04-05 21:11:44,ION30,APAC,Traditional Chinese,1106,FSI_BT_BLE_DEVICE,BLE DEVICE,BLE 裝置,BLE 裝置 (Conf: 100.0%),PASS,,,,TRUE
2026-04-05 21:12:19,ION1,ENGLISH,English,1107,FSI_CALL_RECEIVED,CALL RECEIVED,CALL RECEIVED,CALL RECEIVED (Conf: 100.0%),PASS,,,,TRUE
2026-04-05 21:12:29,ION30,APAC,Traditional Chinese,1108,FSI_VERTEX_ENHANCED_PRIVACY_ON,PRIVACY ON,私密開啟,私密開啟 (Conf: 100.0%),PASS,,,,TRUE
2026-04-05 21:13:04,ION1,ENGLISH,English,1109,FSI_VERTEX_ENHANCED_PRIVACY_OFF,PRIVACY OFF,PRIVACY OFF,PRIVACY OFF (Conf: 100.0%),PASS,,,,TRUE
2026-04-05 21:13:14,ION30,APAC,Traditional Chinese,1110,FSI_VERTEX_SYMMETRIC_PRIVACY_OFF,PRIVACY OFF,私密關閉,私密開關 (Conf: 75.0%),WARN,Mismatch (Conf: 75.0%): Text misspelled or completely changed.,,Fail to detect,TRUE
2026-04-05 21:13:48,ION1,ENGLISH,English,1111,FSI_VERTEX_SYMMETRIC_PRIVACY_ON,PRIVACY ON,PRIVACY ON,PRIVACY ON (Conf: 100.0%),PASS,,,,TRUE
2026-04-05 21:13:56,ION30,APAC,Traditional Chinese,1112,FSI_COMMAND_FAIL,TRY AGAIN,請再試一次,請再試一次 (Conf: 100.0%),PASS,,,Double check original,TRUE
2026-04-05 21:14:31,ION1,ENGLISH,English,1113,FSI_OLD_ACC_SHORT,ACC ERROR,ACC ERROR,ACC ERROR (Conf: 100.0%),PASS,,,,TRUE
2026-04-05 21:14:40,ION30,ENGLISH,English,1114,FSI_VOICE_CONTROL_LISTEN,VIQI V C,VIQI V C,VQI VC (Conf: 85.7%),WARN,Mismatch (Conf: 85.7%): Text misspelled or completely changed.,,Fail to detect,TRUE
2026-04-05 21:15:15,ION1,ENGLISH,English,1115,FSI_KNOB_LOCKED,KNOB LOCKED,KNOB LOCKED,KNOB LOCKED (Conf: 100.0%),PASS,,,,TRUE
2026-04-05 21:15:24,ION30,APAC,Traditional Chinese,1117,FSI_MANDOWN_DETECT,FALL ALERT,倒地警示,倒地警示 (Conf: 100.0%),PASS,,,,TRUE
2026-04-05 21:15:59,ION1,ENGLISH,English,1118,FSI_LONE_WORKER,LONE WORKER,LONE WORKER,LONE WORKER (Conf: 100.0%),PASS,,,,TRUE
2026-04-05 21:16:09,ION30,APAC,Traditional Chinese,1119,FSI_VOX_SUSPEND,VOX SUSPEND,VOX 暫停,VOX 暫停 (Conf: 100.0%),PASS,,,,TRUE
2026-04-05 21:16:45,ION1,ENGLISH,English,1120,FSI_SCAN_SITE,SCAN SITE,SCAN SITE,SCAN SITE (Conf: 100.0%),PASS,,,,TRUE
2026-04-05 21:16:54,ION30,APAC,Traditional Chinese,1121,FSI_EMER_CALL,EMER CALL,緊急通話,緊急通話 (Conf: 100.0%),PASS,,,,TRUE
2026-04-05 21:17:30,ION1,ENGLISH,English,1122,FSI_AIRPLANE_MODE,AIRPLANE MODE,AIRPLANE MODE,AIRPLANE MODE (Conf: 100.0%),PASS,,,,TRUE
2026-04-05 21:17:40,ION30,APAC,Traditional Chinese,1123,FSI_TEXT_MESSAGE_RECEIVED,NEW MESSAGE,新信息,新信息 (Conf: 100.0%),PASS,,,,TRUE
2026-04-05 21:18:15,ION1,ENGLISH,English,1126,FSI_ARTS_LOST,ARTS OUT RNGE,ARTS OUT RNGE,ARTS OUT RNGE (Conf: 100.0%),PASS,,,,TRUE
2026-04-05 21:18:23,ION30,APAC,Traditional Chinese,1127,FSI_LISTEN_ONLY,LISTEN ONLY,僅限收聽,懂限收聽 (Conf: 75.0%),WARN,Mismatch (Conf: 75.0%): Text misspelled or completely changed.,,Fail to detect,TRUE
2026-04-05 21:18:58,ION1,ENGLISH,English,1128,FSI_AFFILIATION_FAIL,AFFIL FAIL,AFFIL FAIL,AFFIL FAIL (Conf: 100.0%),PASS,,,,TRUE
2026-04-05 21:19:07,ION30,APAC,Traditional Chinese,1130,FSI_USB_DESENSE,USB CONNECTD,USB 已連接,USB 已連接 (Conf: 100.0%),PASS,,,,TRUE
2026-04-05 21:19:42,ION1,ENGLISH,English,1132,FSI_TONGA_SCRAMBLING_3_50K,3.50K,3.50K,3.50K (Conf: 100.0%),PASS,,,,TRUE
2026-04-05 21:19:50,ION30,APAC,Simplified Chinese,1135,FSI_COLD_TEMP,COLD TEMP MD,低温模式,低温模式 (Conf: 100.0%),PASS,,,,TRUE
2026-04-05 21:20:24,ION1,ENGLISH,English,1136,FSI_HOT_TEMP,HOT TEMP MD,HOT TEMP MD,HOT TEMP MD (Conf: 100.0%),PASS,,,,TRUE
2026-04-05 21:20:32,ION30,APAC,Traditional Chinese,1137,FSI_AP_DISPLAY_OFF,DISPLAY OFF,顯示幕關閉,顯示幕關閉 (Conf: 100.0%),PASS,,,,TRUE
2026-04-05 21:21:06,ION1,ENGLISH,English,1138,FSI_BATTERY_SAVE,BATT SAVE MD,BATT SAVE MD,BATT SAVE MD (Conf: 100.0%),PASS,,,,TRUE
2026-04-05 21:21:16,ION30,APAC,Traditional Chinese,1139,FSI_IPC_ERROR,COMMS FAIL,通訊失敗,通訊失敗 (Conf: 100.0%),PASS,,,,TRUE
2026-04-05 21:21:51,ION1,ENGLISH,English,1140,FSI_WIFI_SEC_MODE_WPA3_OWE,WPA3-OWE,WPA3-OWE,WPA3-OWE (Conf: 100.0%),PASS,,,,TRUE
2026-04-05 21:21:59,ION30,ENGLISH,English,1141,FSI_WIFI_SEC_MODE_WPA3_SAE,WPA3-SAE,WPA3-SAE,WFA3-SAE (Conf: 87.5%),WARN,Mismatch (Conf: 87.5%): Text misspelled or completely changed.,,Fail to detect,TRUE
2026-04-05 21:22:42,ION1,ENGLISH,English,1155,FSI_WIFI_SEC_MODE_WPA2_PSK,WPA2-PSK/SAE,WPA2-PSK/SAE,WPA2-PSK/SAE (Conf: 100.0%),PASS,,,,TRUE
2026-04-05 21:22:51,ION30,ENGLISH,English,1168,FSI_BYOD_WAVE,BYOD WAVE,BYOD WAVE,BYOD WAVE (Conf: 100.0%),PASS,,,,TRUE
2026-04-05 21:23:26,ION1,ENGLISH,English,1169,FSI_NO_WAVE_SERVER,NO WAVE SER,NO WAVE SER,NO WAVE SER (Conf: 100.0%),PASS,,,,TRUE
2026-04-05 21:25:27,ION30,APAC,Traditional Chinese,1170,FSI_NO_NETWORK,NO NETWORK,無網路,"Unsupported media type found. Ignoring non-image media. The image is quite dark and the text is difficult to discern clearly. However, based on what is visible, I'll try to extract the text as accurately as possible following your instructions: Detected Languages: Traditional Chinese, English Detected Text (Original): 通 頻道 25 Detected Text (English Translation): Channel 25 Upside Down Error: NO Upside Down Evidence: N/A Overlap Error: NO Overlap Evidence: N/A Misalignment Error: NO Misalignment Evidence: N/A Vertical Overlap Error: NO Vertical Overlap Evidence: N/A UI Render Overlap Error: NO UI Render Overlap Evidence: N/A Let me know if adjustments or further clarification are needed! (Conf: 0.0%)",FAIL,Mismatch (Conf: 0.0%): Text misspelled or completely changed.,,Fail to detect,TRUE
2026-04-05 21:26:01,ION1,ENGLISH,English,1171,FSI_CALL_REVOKED,CALL REVOKED,CALL REVOKED,CALL REVOKED (Conf: 100.0%),PASS,,,,TRUE
2026-04-05 21:26:09,ION30,APAC,Traditional Chinese,1182,FSI_EMER_FAIL,EMER FAIL,緊急失敗,緊急失敗 (Conf: 100.0%),PASS,,,,TRUE
2026-04-05 21:26:44,ION1,ENGLISH,English,1183,FSI_WAVE_UNASSIGNED,UNASSIGNED,UNASSIGNED,UNASSIGNED (Conf: 100.0%),PASS,,,,TRUE
2026-04-05 21:26:53,ION30,APAC,Traditional Chinese,1188,FSI_BB_PTT,BB PTT,寬頻 PTT,廣頻 PTT (Conf: 83.3%),WARN,Mismatch (Conf: 83.3%): Text misspelled or completely changed.,,Fail to detect,TRUE
2026-04-05 21:27:28,ION1,ENGLISH,English,1234,FSI_AUTO_NETWORK_ON,AUTO NET ON,AUTO NET ON,AUTO NET ON (Conf: 100.0%),PASS,,,,TRUE
2026-04-05 21:27:36,ION30,APAC,Traditional Chinese,1235,FSI_AUTO_NETWORK_OFF,AUTO NET OFF,自動網路關閉,自動經路關閉 (Conf: 83.3%),WARN,Mismatch (Conf: 83.3%): Text misspelled or completely changed.,,Fail to detect,TRUE
2026-04-05 21:28:10,ION1,ENGLISH,English,1236,FSI_BROADBAND_NETWORK_ON,BB NET ON,BB NET ON,BB NET ON (Conf: 100.0%),PASS,,,,TRUE
2026-04-05 21:28:28,ION30,APAC,Traditional Chinese,1237,FSI_BROADBAND_NETWORK_OFF,BB NET OFF,寬頻網路關閉,實境網路關閉 (Conf: 66.7%),FAIL,Mismatch (Conf: 66.7%): Text misspelled or completely changed.,,Fail to detect,TRUE
FINAL SUMMARY,Total Time: 655m 2.3s,PASS: 707,FAIL: 193,WARN: 216,SKIP: 0,,,,,,,236,
,(10 hours),,,,,,,,,,Rate of faliure ,21.14695341,